Time Serie,AUSTRALIAN DOLLAR/US$,EURO/US$,NEW ZELAND DOLLAR/US$,UK POUND/US$,BRAZIL REAL/US$,CANADIAN DOLLAR/US$,CHINA YUAN/US$,KOREA WON/US$,JAPAN YEN/US$
2015-01-02,1.2318,0.8323,1.2968,0.651,2.6967,1.1725,6.2046,1103.73,120.2
2015-01-05,1.2353,0.8391,1.2984,0.6564,2.7284,1.1785,6.2201,1109.07,119.64
2015-01-06,1.2318,0.8378,1.2812,0.659,2.7013,1.1802,6.2125,1098.14,118.26
2015-01-07,1.2424,0.846,1.2942,0.6634,2.7,1.1851,6.2127,1101.51,119.52
2015-01-08,1.2306,0.8467,1.2778,0.6615,2.6635,1.1812,6.2143,1096.19,119.51
2015-01-09,1.2209,0.8453,1.2768,0.66,2.6375,1.1857,6.2085,1086.14,118.66
2015-01-12,1.2247,0.8452,1.286,0.6593,2.6673,1.1929,6.2027,1083.25,118.32
2015-01-13,1.2249,0.849,1.2933,0.6594,2.6366,1.1947,6.197,1080.42,118.16
2015-01-14,1.225,0.847,1.291,0.6564,2.6145,1.1957,6.1957,1080.45,116.78
2015-01-15,1.2177,0.8622,1.2835,0.6596,2.6324,1.1932,6.187,1077.94,116.95
2015-01-16,1.2204,0.8683,1.2857,0.6609,2.6225,1.1986,6.2065,1076.68,117.45
2015-01-19,ND,ND,ND,ND,ND,ND,ND,ND,ND
2015-01-20,1.2229,0.8651,1.2999,0.6595,2.6148,1.2085,6.2137,1087.17,118.48
2015-01-21,1.2344,0.8633,1.3196,0.6615,2.5982,1.2377,6.2112,1081.94,117.86
2015-01-22,1.2347,0.8761,1.3243,0.6644,2.5644,1.237,6.2085,1081.75,117.92
2015-01-23,1.2602,0.8866,1.3374,0.6657,2.5805,1.24,6.2279,1075.75,117.8
2015-01-26,1.2604,0.8857,1.3468,0.6628,2.582,1.2409,6.2535,1079.42,118.38
2015-01-27,1.2596,0.8795,1.3403,0.6581,2.5737,1.2402,6.243,1075.31,117.62
2015-01-28,1.2542,0.8817,1.3421,0.6594,2.5825,1.2452,6.2475,1084.84,117.74
2015-01-29,1.289,0.8843,1.3776,0.6648,2.6113,1.2644,6.2463,1098.6,118.31
2015-01-30,1.2883,0.8857,1.3797,0.6655,2.6843,1.2716,6.2495,1104.3,117.44
2015-02-02,1.2791,0.8821,1.3691,0.6655,2.7086,1.2577,6.2594,1099.61,117.33
2015-02-03,1.2925,0.8724,1.371,0.661,2.7016,1.2452,6.2573,1096.06,117.48
2015-02-04,1.2885,0.8758,1.3567,0.6575,2.7403,1.255,6.2472,1086.79,117.58
2015-02-05,1.2816,0.8747,1.353,0.6539,2.7306,1.2419,6.2516,1087.05,117.4
2015-02-06,1.2809,0.8826,1.3585,0.6559,2.7681,1.2524,6.2417,1097.26,119.16
2015-02-09,1.2799,0.8837,1.3486,0.6572,2.7872,1.2448,6.2467,1096.4,118.7
2015-02-10,1.2852,0.8837,1.349,0.6557,2.8304,1.2528,6.2405,1098.61,119.32
2015-02-11,1.2965,0.885,1.3546,0.6565,2.8724,1.2635,6.2422,1108.19,120.38
2015-02-12,1.2882,0.8764,1.3401,0.6502,2.8225,1.2464,6.244,1100.87,118.72
2015-02-13,1.2867,0.8766,1.339,0.6496,2.8273,1.2449,6.2399,1097.2,118.7
2015-02-16,ND,ND,ND,ND,ND,ND,ND,ND,ND
2015-02-17,1.2794,0.8776,1.3293,0.6515,2.829,1.2401,6.2546,1107.33,118.99
2015-02-18,1.2857,0.8817,1.33,0.6481,2.8467,1.2456,6.2546,1112.82,119.19
2015-02-19,1.2804,0.8778,1.3257,0.6472,2.8578,1.2484,6.2546,1110.69,118.84
2015-02-20,1.2767,0.8794,1.3273,0.65,2.8773,1.2503,6.2546,1110.06,118.68
2015-02-23,1.2809,0.8814,1.327,0.6466,2.8688,1.2577,6.2546,1108.25,118.88
2015-02-24,1.2807,0.8844,1.3412,0.6479,2.8462,1.2601,6.2546,1108.05,119.13
2015-02-25,1.2661,0.88,1.3249,0.6452,2.8656,1.2418,6.2591,1101.53,118.88
2015-02-26,1.2794,0.8919,1.3236,0.6483,2.8806,1.249,6.2584,1100.33,119.36
2015-02-27,1.2804,0.8931,1.3233,0.6477,2.8618,1.2506,6.2695,1100.65,119.72
2015-03-02,1.2853,0.8937,1.3293,0.6506,2.8765,1.2535,6.272,1101.46,120.06
2015-03-03,1.2755,0.8919,1.321,0.6497,2.8967,1.245,6.2741,1095.65,119.47
2015-03-04,1.2786,0.9033,1.3186,0.6551,2.979,1.2439,6.2701,1100.2,119.76
2015-03-05,1.2882,0.9086,1.3394,0.6566,2.9961,1.2482,6.2658,1100.11,120.22
2015-03-06,1.2967,0.9212,1.3578,0.6639,3.0601,1.2615,6.262,1110.36,120.93
2015-03-09,1.296,0.922,1.3587,0.6624,3.1015,1.2598,6.2635,1114.18,121.17
2015-03-10,1.3094,0.934,1.3751,0.6629,3.1273,1.2633,6.2615,1123.32,121.2
2015-03-11,1.3189,0.9455,1.3854,0.6691,3.0881,1.2763,6.2613,1131.33,121.5
2015-03-12,1.2979,0.9421,1.3508,0.6708,3.1247,1.2692,6.2614,1120.13,121.28
2015-03-13,1.3104,0.9502,1.3643,0.6777,3.2605,1.2803,6.2585,1135.7,121.17
2015-03-16,1.3062,0.9456,1.3532,0.6757,3.2204,1.2763,6.262,1129.62,121.3
2015-03-17,1.3132,0.943,1.3676,0.6782,3.2632,1.2769,6.249,1127.69,121.28
2015-03-18,1.3067,0.9396,1.3581,0.6809,3.2747,1.2771,6.2289,1127.09,120.92
2015-03-19,1.3127,0.9415,1.3557,0.6789,3.2931,1.2743,6.1955,1121.21,120.9
2015-03-20,1.2888,0.9266,1.3236,0.6701,3.2206,1.2593,6.2037,1113.87,120.28
2015-03-23,1.2742,0.9151,1.3118,0.6695,3.1596,1.2515,6.2135,1106.68,119.74
2015-03-24,1.2708,0.9168,1.3103,0.6725,3.1534,1.251,6.2046,1104.2,119.9
2015-03-25,1.2729,0.9102,1.3101,0.6705,3.1609,1.2513,6.2116,1099.72,119.37
2015-03-26,1.2762,0.9158,1.3186,0.6737,3.1768,1.2469,6.2103,1103.59,119.01
2015-03-27,1.2897,0.9182,1.3228,0.6721,3.2412,1.2579,6.2145,1103.6,119.15
2015-03-30,1.308,0.9244,1.3308,0.676,3.2515,1.2687,6.2065,1106.39,120.11
2015-03-31,1.3115,0.931,1.336,0.6734,3.1843,1.2681,6.199,1107.71,119.96
2015-04-01,1.3132,0.9287,1.3403,0.6746,3.1547,1.261,6.1976,1098.1,119.62
2015-04-02,1.3217,0.9196,1.3364,0.6738,3.1373,1.2584,6.1968,1089.49,119.74
2015-04-03,1.308,0.9099,1.3167,0.6704,3.12,1.2465,6.193,1085.65,118.96
2015-04-06,1.306,0.9084,1.3149,0.6685,3.0961,1.245,6.193,1083.38,119.05
2015-04-07,1.3079,0.9217,1.3321,0.6731,3.1105,1.2488,6.1955,1093.76,120.36
2015-04-08,1.2962,0.9244,1.3193,0.6701,3.0852,1.2508,6.202,1093.77,119.96
2015-04-09,1.2977,0.9371,1.3236,0.6785,3.0345,1.258,6.205,1093.8,120.32
2015-04-10,1.3031,0.9436,1.3277,0.6827,3.0784,1.2596,6.2082,1093.13,120.29
2015-04-13,1.3194,0.945,1.3426,0.6822,3.1157,1.2603,6.2152,1100.41,120.32
2015-04-14,1.3092,0.937,1.327,0.6761,3.0779,1.2476,6.2113,1090.76,119.26
2015-04-15,1.3141,0.9438,1.3268,0.6765,3.0571,1.2378,6.2037,1095.07,119.23
2015-04-16,1.2827,0.9309,1.3051,0.6701,3.018,1.2206,6.1947,1086.89,119.18
2015-04-17,1.286,0.9276,1.3014,0.6693,3.0639,1.2225,6.1976,1081.99,119.02
2015-04-20,1.2942,0.9291,1.3043,0.6706,3.0446,1.2203,6.2014,1081.27,119.27
2015-04-21,1.2918,0.9295,1.3004,0.6692,3.033,1.2274,6.201,1081.54,119.45
2015-04-22,1.2868,0.9321,1.3026,0.6655,2.9988,1.225,6.1927,1080.64,119.9
2015-04-23,1.285,0.9257,1.3184,0.6646,2.9807,1.2148,6.1975,1080,119.69
2015-04-24,1.278,0.9195,1.3156,0.6589,2.9631,1.2168,6.193,1075.85,118.98
2015-04-27,1.2724,0.9181,1.3075,0.6564,2.9049,1.2106,6.2185,1071.01,119.12
2015-04-28,1.2473,0.9108,1.2932,0.6524,2.9002,1.2021,6.2035,1063.03,118.8
2015-04-29,1.2399,0.8949,1.2925,0.6458,2.9393,1.1955,6.1989,1066.48,118.83
2015-04-30,1.2711,0.8959,1.3173,0.6524,3.0121,1.2116,6.2018,1076.74,119.86
2015-05-01,1.2799,0.8933,1.3298,0.6606,3.0145,1.2191,6.2018,1080.22,120.21
2015-05-04,1.2757,0.8973,1.328,0.6615,3.072,1.2108,6.2085,1081.19,120.25
2015-05-05,1.2593,0.8949,1.3222,0.6588,3.0585,1.2038,6.2058,1080.46,119.87
2015-05-06,1.2492,0.8814,1.331,0.656,3.0485,1.2007,6.2001,1077.23,119.42
2015-05-07,1.2636,0.8863,1.343,0.6569,3.039,1.2139,6.2063,1093.55,119.74
2015-05-08,1.2636,0.8896,1.3351,0.647,2.9808,1.2086,6.2084,1087.28,119.78
2015-05-11,1.266,0.8975,1.3605,0.6413,3.0385,1.2107,6.2086,1095.39,120.05
2015-05-12,1.2517,0.8897,1.3556,0.6376,3.0223,1.1987,6.2086,1093.81,119.8
2015-05-13,1.2318,0.8794,1.3355,0.635,3.0265,1.195,6.2043,1089.72,119.09
2015-05-14,1.2373,0.8797,1.3333,0.6343,2.991,1.1991,6.2013,1089.46,119.2
2015-05-15,1.2418,0.875,1.3353,0.634,2.9779,1.2009,6.2051,1083.05,119.36
2015-05-18,1.2498,0.8807,1.3517,0.6378,3.012,1.215,6.2041,1088.19,119.82
2015-05-19,1.2629,0.8968,1.3598,0.6442,3.0175,1.2213,6.2064,1093.94,120.58
2015-05-20,1.2695,0.9026,1.3708,0.6433,3.0308,1.2212,6.2036,1097.62,121.28
2015-05-21,1.2677,0.8988,1.3661,0.6381,3.0431,1.2201,6.1958,1092.41,121.06
2015-05-22,1.2775,0.9064,1.3686,0.6458,3.0705,1.2288,6.1972,1093.46,121.45
2015-05-25,ND,ND,ND,ND,ND,ND,ND,ND,ND
2015-05-26,1.2923,0.9195,1.3835,0.6494,3.1489,1.2428,6.2038,1106.06,123.08
2015-05-27,1.2967,0.9184,1.3835,0.6526,3.1708,1.2483,6.2011,1107.84,123.76
2015-05-28,1.3104,0.9163,1.3986,0.654,3.1755,1.2474,6.2002,1109.86,124.18
2015-05-29,1.3057,0.9096,1.4063,0.6542,3.1855,1.2466,6.198,1111.99,123.98
2015-06-01,1.3135,0.9163,1.4088,0.6585,3.1655,1.2547,6.1985,1115.61,124.64
2015-06-02,1.2907,0.8985,1.3978,0.6523,3.1391,1.2425,6.198,1109.34,124.19
2015-06-03,1.2816,0.8861,1.3982,0.6514,3.1103,1.2437,6.1976,1104.33,124.06
2015-06-04,1.3033,0.8872,1.4053,0.6507,3.1446,1.2477,6.2006,1112.56,124.56
2015-06-05,1.312,0.9003,1.4192,0.655,3.1604,1.2488,6.2024,1121.18,125.58
2015-06-08,1.3072,0.8903,1.409,0.6545,3.1226,1.2435,6.2053,1121.95,125.08
2015-06-09,1.3012,0.8862,1.4011,0.6501,3.095,1.2316,6.2047,1119.38,124.16
2015-06-10,1.2905,0.8844,1.39,0.6439,3.1013,1.2267,6.2055,1110.32,122.72
2015-06-11,1.2943,0.89,1.4306,0.6455,3.1419,1.2314,6.2065,1113.24,123.62
2015-06-12,1.2917,0.8867,1.4316,0.6416,3.1011,1.2306,6.2081,1111.63,123.23
2015-06-15,1.2875,0.8876,1.4276,0.6422,3.0958,1.2321,6.208,1114.94,123.38
2015-06-16,1.2898,0.8898,1.4314,0.6395,3.1052,1.2328,6.2085,1118.08,123.39
2015-06-17,1.3043,0.8894,1.4465,0.6366,3.0946,1.2307,6.2086,1122.83,124.25
2015-06-18,1.277,0.8769,1.4405,0.6296,3.0405,1.2206,6.2075,1101.55,122.87
2015-06-19,1.289,0.8822,1.4503,0.6297,3.0887,1.2273,6.2085,1102.64,122.7
2015-06-22,1.2912,0.8789,1.4543,0.632,3.0833,1.2286,6.2085,1098.85,123.28
2015-06-23,1.2922,0.8937,1.4596,0.6349,3.0913,1.2326,6.2066,1104.54,123.71
2015-06-24,1.3006,0.8946,1.456,0.6377,3.0884,1.2413,6.2061,1110.67,124.24
2015-06-25,1.2918,0.8932,1.447,0.6358,3.1144,1.2346,6.2084,1111.05,123.63
2015-06-26,1.3072,0.8964,1.4639,0.6354,3.1223,1.2358,6.208,1122.31,123.92
2015-06-29,1.3026,0.8945,1.459,0.6344,3.1403,1.238,6.2085,1119.09,122.5
2015-06-30,1.298,0.8965,1.4754,0.6358,3.1106,1.2473,6.2,1117.34,122.1
2015-07-01,1.3048,0.9022,1.4806,0.6403,3.1269,1.2559,6.2008,1123.89,123.02
2015-07-02,1.3106,0.9017,1.4868,0.6405,3.111,1.2566,6.2044,1119.95,123.14
2015-07-03,ND,ND,ND,ND,ND,ND,ND,ND,ND
2015-07-06,1.3296,0.9029,1.4919,0.6402,3.1454,1.2623,6.2089,1125.58,122.53
2015-07-07,1.345,0.9131,1.5011,0.6475,3.1905,1.2742,6.2097,1133.75,122.16
2015-07-08,1.3432,0.9032,1.4835,0.6513,3.2319,1.2724,6.2087,1131.75,120.54
2015-07-09,1.3444,0.907,1.4865,0.6504,3.213,1.2727,6.2086,1133.69,121.22
2015-07-10,1.3464,0.8969,1.4928,0.645,3.1834,1.2713,6.2092,1127.29,122.75
2015-07-13,1.3501,0.9074,1.4939,0.6444,3.1507,1.2762,6.2081,1133.93,123.35
2015-07-14,1.3423,0.9079,1.491,0.6417,3.1197,1.2746,6.2088,1142.75,123.39
2015-07-15,1.3576,0.912,1.514,0.6402,3.1531,1.2935,6.2082,1146.42,123.89
2015-07-16,1.3459,0.9176,1.5295,0.641,3.134,1.2938,6.2094,1145.24,124.04
2015-07-17,1.3567,0.9218,1.5321,0.64,3.1915,1.2997,6.2085,1148.48,124
2015-07-20,1.355,0.9217,1.5218,0.6416,3.2123,1.2982,6.2095,1156.38,124.24
2015-07-21,1.3461,0.9152,1.5085,0.6431,3.1725,1.2958,6.2095,1148.33,123.93
2015-07-22,1.3572,0.9188,1.5216,0.6403,3.2232,1.3023,6.2093,1156.49,124.08
2015-07-23,1.3559,0.9111,1.5049,0.6438,3.2862,1.303,6.2091,1160.64,123.88
2015-07-24,1.3738,0.9111,1.5184,0.6446,3.3302,1.3059,6.2095,1169.02,123.74
2015-07-27,1.3691,0.8999,1.5069,0.6412,3.356,1.3008,6.2091,1167.75,123.24
2015-07-28,1.3652,0.9046,1.4952,0.6403,3.3941,1.2933,6.2084,1161.09,123.52
2015-07-29,1.3686,0.9069,1.4966,0.64,3.3308,1.2893,6.2089,1158.49,123.86
2015-07-30,1.374,0.9163,1.5177,0.6418,3.3696,1.3024,6.2096,1173.42,124.38
2015-07-31,1.3639,0.9068,1.5094,0.6396,3.4078,1.3047,6.2097,1159.7,123.94
2015-08-03,1.3742,0.9122,1.5145,0.6409,3.4487,1.3141,6.2087,1168.63,123.98
2015-08-04,1.3479,0.913,1.5179,0.6405,3.4693,1.3124,6.2086,1161.2,124
2015-08-05,1.3613,0.9201,1.534,0.6409,3.4884,1.3181,6.2096,1174.4,124.84
2015-08-06,1.3618,0.9156,1.5279,0.6443,3.5684,1.3152,6.2096,1163.25,124.6
2015-08-07,1.3526,0.9126,1.5161,0.6465,3.5281,1.3122,6.2087,1164,124.27
2015-08-10,1.3506,0.9096,1.5147,0.6433,3.4699,1.3056,6.2094,1161.69,124.55
2015-08-11,1.3721,0.9056,1.5298,0.6422,3.5086,1.3149,6.3232,1181.36,124.9
2015-08-12,1.3559,0.893,1.5072,0.6394,3.4725,1.2973,6.3845,1175.03,123.87
2015-08-13,1.3585,0.8973,1.5218,0.6412,3.5147,1.3078,6.3982,1176.02,124.32
2015-08-14,1.3557,0.9001,1.5277,0.64,3.4625,1.3075,6.3908,1177.62,124.27
2015-08-17,1.3539,0.9027,1.5198,0.6411,3.4728,1.309,6.3937,1181.53,124.33
2015-08-18,1.3635,0.9068,1.5195,0.6387,3.4623,1.3075,6.3928,1185.85,124.39
2015-08-19,1.3669,0.9041,1.5235,0.6392,3.5021,1.3165,6.3956,1184.35,124.1
2015-08-20,1.3592,0.8929,1.5074,0.6374,3.4617,1.3075,6.3875,1185.63,123.54
2015-08-21,1.3618,0.8806,1.4912,0.637,3.497,1.3146,6.3887,1194.6,122.11
2015-08-24,1.3885,0.8636,1.5368,0.6357,3.5539,1.321,6.4029,1191.13,118.56
2015-08-25,1.3922,0.8764,1.5333,0.637,3.5456,1.3295,6.4122,1195.25,119.91
2015-08-26,1.411,0.878,1.5567,0.6455,3.6333,1.3301,6.4083,1185.52,119.07
2015-08-27,1.393,0.8898,1.5437,0.6489,3.5499,1.3193,6.4053,1170.49,120.89
2015-08-28,1.4027,0.8951,1.5513,0.651,3.5938,1.3268,6.389,1180.93,121.32
2015-08-31,1.4085,0.8933,1.5751,0.6509,3.6206,1.3223,6.376,1182.54,121.26
2015-09-01,1.4213,0.8879,1.5758,0.6518,3.6715,1.318,6.363,1179.78,119.94
2015-09-02,1.4263,0.8895,1.5765,0.6532,3.7389,1.3308,6.3544,1183.46,120
2015-09-03,1.4235,0.9006,1.5625,0.6556,3.7546,1.32,6.3549,1188.07,120.2
2015-09-04,1.4457,0.8995,1.5924,0.6581,3.8094,1.3272,6.3549,1196.4,119.05
2015-09-07,ND,ND,ND,ND,ND,ND,ND,ND,ND
2015-09-08,1.4239,0.8943,1.5755,0.6502,3.8081,1.3193,6.3657,1195.57,119.72
2015-09-09,1.4237,0.8957,1.562,0.6509,3.79,1.3221,6.3768,1186.52,120.94
2015-09-10,1.4112,0.8879,1.5858,0.647,3.8587,1.3218,6.377,1184.87,120.71
2015-09-11,1.4136,0.882,1.5838,0.6483,3.8757,1.3274,6.3735,1182.25,120.66
2015-09-14,1.4011,0.8844,1.5798,0.6484,3.8391,1.3265,6.3664,1181.17,119.92
2015-09-15,1.41,0.8881,1.584,0.6514,3.8655,1.3261,6.3685,1178.69,120.3
2015-09-16,1.3916,0.8846,1.5751,0.6452,3.8255,1.318,6.3694,1169.77,120.62
2015-09-17,1.3992,0.884,1.5818,0.6448,3.893,1.3186,6.3645,1163.11,120.9
2015-09-18,1.3847,0.8804,1.5586,0.6421,3.921,1.3146,6.3628,1164.13,119.85
2015-09-21,1.4035,0.8925,1.5848,0.6449,3.9911,1.3249,6.3676,1179.24,120.46
2015-09-22,1.4128,0.8982,1.5893,0.6512,4.049,1.3276,6.375,1186.1,120.04
2015-09-23,1.4278,0.8961,1.6015,0.656,4.1093,1.3313,6.3836,1193.96,120.12
2015-09-24,1.429,0.8887,1.5778,0.6556,4.1638,1.3348,6.3818,1195.48,119.54
2015-09-25,1.4257,0.8935,1.5701,0.6591,3.9489,1.3322,6.3737,1190.14,120.74
2015-09-28,1.4276,0.89,1.5758,0.6575,4.007,1.336,6.3685,1193.32,119.82
2015-09-29,1.4271,0.8892,1.5704,0.6593,4.0921,1.3414,6.3621,1194.28,119.76
2015-09-30,1.4245,0.8959,1.5649,0.6616,3.9554,1.3396,6.3556,1184.62,119.81
2015-10-01,1.4196,0.8929,1.5598,0.6595,4.2003,1.324,6.3559,1180.04,119.58
2015-10-02,1.4235,0.8868,1.5547,0.6572,3.9712,1.3213,6.3559,1175.48,119.42
2015-10-05,1.4108,0.8929,1.5373,0.6594,3.8924,1.3084,6.3559,1158.54,120.36
2015-10-06,1.4,0.8876,1.53,0.6567,3.8406,1.3056,6.3559,1160.7,120.18
2015-10-07,1.3864,0.889,1.5099,0.653,3.8123,1.3038,6.3559,1153.72,119.9
2015-10-08,1.3841,0.8864,1.5056,0.6529,3.8295,1.3017,6.3529,1155.57,119.94
2015-10-09,1.3646,0.88,1.4925,0.653,3.7339,1.2945,6.345,1145.67,120.3
2015-10-12,ND,ND,ND,ND,ND,ND,ND,ND,ND
2015-10-13,1.3731,0.8786,1.495,0.6561,3.8314,1.2984,6.3417,1147.42,119.8
2015-10-14,1.3782,0.8744,1.4778,0.6475,3.8366,1.2983,6.3462,1140.39,119.21
2015-10-15,1.3669,0.8758,1.459,0.6462,3.842,1.2901,6.3459,1120.9,118.26
2015-10-16,1.3772,0.8803,1.4708,0.6476,3.8527,1.2932,6.3523,1130.73,119.6
2015-10-19,1.3785,0.8834,1.4697,0.6464,3.9005,1.2999,6.3591,1130.57,119.5
2015-10-20,1.3782,0.8804,1.4804,0.6464,3.8845,1.2974,6.348,1128.64,119.79
2015-10-21,1.3839,0.8814,1.485,0.6467,3.9514,1.3117,6.3487,1137.09,119.91
2015-10-22,1.385,0.8977,1.4725,0.6494,3.9249,1.3087,6.3577,1131.48,120.5
2015-10-23,1.386,0.9078,1.4813,0.6519,3.8964,1.3171,6.3488,1135,121.2
2015-10-26,1.377,0.9049,1.4719,0.651,3.8788,1.3134,6.3517,1127.47,120.87
2015-10-27,1.3826,0.9048,1.4702,0.6531,3.9002,1.3242,6.3517,1134.57,120.29
2015-10-28,1.4,0.9037,1.4879,0.6528,3.8594,1.3149,6.3581,1130.31,120.56
2015-10-29,1.4122,0.9122,1.497,0.6538,3.8971,1.3169,6.3552,1142.39,121.14
2015-10-30,1.4019,0.9056,1.478,0.6475,3.8439,1.3082,6.318,1140.5,120.7
2015-11-02,1.4004,0.9069,1.4826,0.6482,3.8503,1.3093,6.318,1140.5,120.7
2015-11-03,1.3941,0.9136,1.4979,0.6492,3.7578,1.3107,6.318,1140.5,121.2
2015-11-04,1.399,0.9207,1.5181,0.6503,3.7946,1.3164,6.3357,1136.45,121.52
2015-11-05,1.399,0.92,1.509,0.6563,3.7809,1.3162,6.318,1140.5,121.71
2015-11-06,1.4217,0.9306,1.5363,0.6635,3.8055,1.3307,6.318,1140.5,123.2
2015-11-09,1.4192,0.9288,1.5298,0.6612,3.7855,1.3274,6.3619,1160.42,123.04
2015-11-10,1.4225,0.9358,1.5305,0.6618,3.7978,1.3258,6.3603,1158.34,123.22
2015-11-11,ND,ND,ND,ND,ND,ND,ND,ND,ND
2015-11-12,1.4053,0.9287,1.5316,0.6576,3.7898,1.3309,6.369,1158.6,122.84
2015-11-13,1.4049,0.9327,1.5319,0.6575,3.8235,1.3332,6.3735,1169.79,122.93
2015-11-16,1.4114,0.9339,1.5413,0.6577,3.846,1.3352,6.37,1172.67,123.11
2015-11-17,1.4055,0.9404,1.5482,0.6573,3.8123,1.3324,6.3771,1169.08,123.48
2015-11-18,1.4128,0.94,1.5528,0.6575,3.7914,1.3351,6.3834,1167.89,123.51
2015-11-19,1.3873,0.9306,1.5198,0.6524,3.7365,1.3266,6.3825,1156.08,122.71
2015-11-20,1.3826,0.9381,1.5249,0.6579,3.7048,1.3337,6.3835,1151.63,122.8
2015-11-23,1.3912,0.9432,1.5359,0.6612,3.7239,1.3358,6.389,1159.14,123.02
2015-11-24,1.381,0.9388,1.5291,0.6641,3.7064,1.3308,6.3883,1149.39,122.47
2015-11-25,1.3801,0.942,1.5214,0.6619,3.7508,1.3298,6.3877,1140.67,122.7
2015-11-26,ND,ND,ND,ND,ND,ND,ND,ND,ND
2015-11-27,1.3904,0.9438,1.53,0.6649,3.7736,1.336,6.3945,1154.43,122.84
2015-11-30,1.3822,0.9468,1.5211,0.6647,3.8982,1.3332,6.3883,1149.39,123.22
2015-12-01,1.3661,0.9416,1.4972,0.6634,3.8491,1.3372,6.3883,1149.39,122.88
2015-12-02,1.3682,0.9458,1.5085,0.6699,3.8633,1.3357,6.3883,1149.39,123.52
2015-12-03,1.368,0.9173,1.5076,0.6628,3.7762,1.3393,6.3883,1149.39,123.06
2015-12-04,1.3613,0.9188,1.4804,0.6623,3.7426,1.3364,6.3883,1149.39,123.1
2015-12-07,1.3759,0.9225,1.5042,0.6633,3.7595,1.3508,6.4081,1172.68,123.31
2015-12-08,1.3868,0.9195,1.5069,0.6667,3.8032,1.3594,6.4162,1179.6,123
2015-12-09,1.3881,0.9104,1.5085,0.6593,3.7264,1.3595,6.427,1181.75,121.86
2015-12-10,1.3701,0.9134,1.4786,0.6589,3.7787,1.3598,6.4363,1176.39,121.44
2015-12-11,1.3862,0.9089,1.4865,0.6573,3.8791,1.3695,6.4538,1188,120.94
2015-12-14,1.3778,0.907,1.4754,0.6609,3.8972,1.3732,6.4588,1186.2,120.57
2015-12-15,1.3935,0.9165,1.4819,0.6647,3.9,1.3729,6.46,1176.66,121.66
2015-12-16,1.3875,0.9143,1.4767,0.6661,3.9421,1.3805,6.4723,1177.19,121.88
2015-12-17,1.4085,0.9256,1.4943,0.6722,3.9053,1.397,6.4822,1187.7,122.75
2015-12-18,1.3895,0.9219,1.481,0.6705,3.9336,1.3876,6.48,1178.04,121.2
2015-12-21,1.3943,0.9158,1.4773,0.6709,4.0231,1.3989,6.4793,1173.87,120.99
2015-12-22,1.3829,0.9109,1.468,0.6752,3.998,1.3929,6.4778,1169.26,120.94
2015-12-23,1.3848,0.9195,1.473,0.6728,3.9672,1.386,6.4763,1140.67,120.94
2015-12-24,1.3757,0.9128,1.4624,0.6692,3.9358,1.3847,6.4758,1167.94,120.32
2015-12-25,ND,ND,ND,ND,ND,ND,ND,ND,ND
2015-12-28,1.377,0.9105,1.4592,0.6719,3.859,1.3893,6.4778,1169.26,120.3
2015-12-29,1.3712,0.9161,1.4552,0.6759,3.8917,1.3848,6.4778,1169.26,120.44
2015-12-30,1.3729,0.9164,1.4626,0.6742,3.988,1.3883,6.4896,1177.53,120.6
2015-12-31,1.3725,0.9209,1.4616,0.6782,3.9593,1.3839,6.4778,1169.26,120.27
2016-01-01,ND,ND,ND,ND,ND,ND,ND,ND,ND
2016-01-04,1.3955,0.9257,1.4837,0.6809,4.0613,1.397,6.5338,1191.46,119.3
2016-01-05,1.3984,0.9308,1.4925,0.6819,4.0108,1.3991,6.5219,1190.43,118.95
2016-01-06,1.4144,0.9292,1.5056,0.6837,4.0163,1.4084,6.5554,1200.16,118.54
2016-01-07,1.4235,0.9208,1.5031,0.6859,4.0504,1.4061,6.5926,1193.05,118
2016-01-08,1.4335,0.9187,1.5246,0.6886,4.048,1.415,6.5932,1206.97,117.74
2016-01-11,1.4302,0.9193,1.5258,0.6866,4.0464,1.4203,6.5675,1206.55,117.48
2016-01-12,1.4337,0.9228,1.533,0.6943,4.0454,1.4293,6.57,1208.95,117.78
2016-01-13,1.4294,0.9206,1.5246,0.6911,3.9893,1.4294,6.57,1208.95,118.06
2016-01-14,1.4327,0.9206,1.5456,0.694,4.1932,1.4374,6.5891,1211.28,118.03
2016-01-15,1.4569,0.9121,1.555,0.6998,4.048,1.4531,6.584,1216.95,116.78
2016-01-18,ND,ND,ND,ND,ND,ND,ND,ND,ND
2016-01-19,1.4432,0.9169,1.5411,0.7057,4.042,1.4513,6.5783,1205.61,117.66
2016-01-20,1.4588,0.9168,1.5652,0.7059,4.1103,1.4592,6.5781,1215.4,116.38
2016-01-21,1.428,0.9231,1.5333,0.7043,4.1299,1.4244,6.5794,1204.31,117.61
2016-01-22,1.4257,0.9247,1.5425,0.6989,4.1061,1.4153,6.5788,1195.66,118.37
2016-01-25,1.4347,0.9232,1.5449,0.702,4.0887,1.4248,6.579,1194.3,118.55
2016-01-26,1.4276,0.922,1.5404,0.6973,4.0701,1.4062,6.5814,1199.64,118.5
2016-01-27,1.4136,0.9202,1.5321,0.7012,4.0557,1.404,6.5773,1199.25,118.9
2016-01-28,1.4114,0.9131,1.5439,0.6968,4.0979,1.4077,6.5744,1204.08,118.61
2016-01-29,1.4142,0.9232,1.5458,0.705,4.0364,1.4074,6.5752,1210.04,121.05
2016-02-01,1.4116,0.9184,1.5356,0.696,3.9866,1.4005,6.5778,1203.19,121.06
2016-02-02,1.4168,0.9168,1.5392,0.6945,3.9885,1.4039,6.5795,1212.01,120.27
2016-02-03,1.4017,0.9049,1.5017,0.6861,3.9478,1.3843,6.5765,1211.33,117.92
2016-02-04,1.3858,0.8929,1.4861,0.6859,3.8785,1.3724,6.5638,1186.11,116.75
2016-02-05,1.4116,0.8984,1.5108,0.6912,3.9101,1.3875,6.571,1204.69,116.99
2016-02-08,1.4079,0.8953,1.5067,0.6937,3.8979,1.3921,6.571,1205.1,115.7
2016-02-09,1.4154,0.885,1.5042,0.6909,3.8863,1.386,6.571,1200.39,114.8
2016-02-10,1.4106,0.8911,1.5026,0.6909,3.9366,1.3969,6.571,1189.69,114.03
2016-02-11,1.4092,0.8801,1.4966,0.6921,3.9704,1.3933,6.571,1196.89,111.72
2016-02-12,1.4088,0.8901,1.5088,0.6916,3.9764,1.3834,6.571,1205.13,112.96
2016-02-15,ND,ND,ND,ND,ND,ND,ND,ND,ND
2016-02-16,1.4079,0.8977,1.5232,0.6998,4.0564,1.3857,6.5154,1219.44,113.9
2016-02-17,1.3951,0.8977,1.5088,0.6985,3.9856,1.3682,6.527,1222.32,114.14
2016-02-18,1.3986,0.9016,1.5092,0.6977,4.0191,1.3718,6.5163,1231.15,113.62
2016-02-19,1.4035,0.8987,1.5117,0.6972,4.0428,1.3798,6.5202,1231.09,112.42
2016-02-22,1.3816,0.9076,1.4881,0.7064,3.933,1.3684,6.5197,1223.32,113.12
2016-02-23,1.3872,0.9078,1.5015,0.7123,3.974,1.3791,6.5263,1230.05,112.17
2016-02-24,1.3933,0.9074,1.5078,0.7178,3.9774,1.3765,6.529,1234.6,111.36
2016-02-25,1.3873,0.9069,1.4928,0.7175,3.929,1.3572,6.532,1237.39,112.7
2016-02-26,1.4025,0.9147,1.5042,0.7211,4.012,1.3546,6.539,1242.59,113.78
2016-02-29,1.3982,0.9201,1.5149,0.7181,3.9793,1.3522,6.5525,1238.09,112.9
2016-03-01,1.3943,0.9219,1.5108,0.7169,3.9475,1.3404,6.55,1229.56,113.94
2016-03-02,1.3759,0.9221,1.5056,0.7113,3.8948,1.3466,6.5499,1227.59,113.81
2016-03-03,1.3587,0.9134,1.4824,0.7066,3.8246,1.3405,6.5312,1209.55,113.53
2016-03-04,1.3468,0.9083,1.4708,0.7029,3.728,1.3337,6.5064,1195.09,113.91
2016-03-07,1.3392,0.9088,1.4704,0.7015,3.7745,1.33,6.5155,1200.08,113.6
2016-03-08,1.3421,0.9068,1.4771,0.703,3.7721,1.3388,6.5044,1206.19,112.58
2016-03-09,1.3284,0.9073,1.4686,0.7024,3.6902,1.3233,6.5105,1206.82,113.06
2016-03-10,1.3434,0.8959,1.4999,0.699,3.6698,1.3372,6.507,1204.09,113.1
2016-03-11,1.3207,0.8945,1.4786,0.6932,3.6166,1.3211,6.494,1184.56,113.66
2016-03-14,1.3307,0.9003,1.4948,0.6981,3.6265,1.3291,6.4984,1187.39,113.59
2016-03-15,1.3396,0.8999,1.5119,0.7059,3.7298,1.3355,6.511,1194.99,112.88
2016-03-16,1.345,0.9029,1.5149,0.7092,3.7998,1.3364,6.5189,1190.59,113.69
2016-03-17,1.3094,0.8837,1.4631,0.6901,3.6201,1.2982,6.4745,1155.83,111.3
2016-03-18,1.3127,0.8856,1.468,0.689,3.605,1.298,6.4682,1160.11,111.38
2016-03-21,1.3168,0.8881,1.4784,0.6943,3.6064,1.3067,6.4812,1157.33,111.62
2016-03-22,1.3115,0.8906,1.4793,0.7034,3.5921,1.3051,6.4876,1154.58,111.82
2016-03-23,1.3275,0.8949,1.4921,0.7087,3.6735,1.3199,6.5035,1166.59,112.63
2016-03-24,1.3305,0.8958,1.4937,0.7071,3.7043,1.327,6.5124,1168.09,112.64
2016-03-25,1.3301,0.8957,1.4959,0.7077,3.7028,1.3264,6.5131,1168.19,113.05
2016-03-28,1.3247,0.8921,1.4861,0.7018,3.639,1.3184,6.5051,1163.39,113.29
2016-03-29,1.3215,0.8925,1.4699,0.7002,3.6726,1.3153,6.5063,1164.69,113.33
2016-03-30,1.3043,0.8826,1.4463,0.6949,3.6145,1.2962,6.4648,1142.02,112.6
2016-03-31,1.3026,0.878,1.4438,0.6954,3.55,1.2969,6.448,1138.86,112.42
2016-04-01,1.3034,0.8783,1.4495,0.704,3.541,1.3047,6.4776,1147.15,112.06
2016-04-04,1.3134,0.8783,1.4594,0.7003,3.5994,1.3037,6.4776,1151.35,111.18
2016-04-05,1.33,0.8792,1.4734,0.7068,3.6659,1.3175,6.476,1158.39,110.26
2016-04-06,1.3135,0.8749,1.462,0.7061,3.6538,1.3073,6.478,1155.28,109.63
2016-04-07,1.3326,0.8783,1.4762,0.7101,3.7106,1.3163,6.4599,1156.81,107.98
2016-04-08,1.3238,0.8767,1.4674,0.709,3.6288,1.2994,6.4628,1148.89,108.36
2016-04-11,1.316,0.8763,1.4577,0.7022,3.516,1.2912,6.458,1141.97,107.96
2016-04-12,1.3057,0.8776,1.4489,0.702,3.552,1.28,6.4639,1144.53,108.54
2016-04-13,1.3074,0.8864,1.4459,0.7031,3.5606,1.2789,6.4768,1146.29,109.21
2016-04-14,1.2979,0.8879,1.4565,0.7068,3.5035,1.2835,6.481,1151.99,109.2
2016-04-15,1.2958,0.8853,1.4465,0.7034,3.5362,1.2857,6.473,1144.83,108.76
2016-04-18,1.291,0.8832,1.4397,0.7005,3.5977,1.2815,6.4717,1144.48,108.85
2016-04-19,1.2811,0.8791,1.4217,0.6946,3.542,1.2654,6.4571,1126.01,109.16
2016-04-20,1.2793,0.8826,1.4292,0.6957,3.5444,1.2623,6.4675,1130.48,109.51
2016-04-21,1.289,0.8849,1.4443,0.6974,3.5444,1.2713,6.481,1135.49,109.41
2016-04-22,1.2965,0.8898,1.459,0.6949,3.5864,1.2672,6.5004,1147.85,111.5
2016-04-25,1.2958,0.887,1.4586,0.69,3.5482,1.2678,6.49,1147.76,111.08
2016-04-26,1.2918,0.8835,1.4503,0.6844,3.5269,1.2614,6.4905,1146.66,111.23
2016-04-27,1.3168,0.8832,1.4596,0.6871,3.5375,1.2637,6.494,1151.5,111.26
2016-04-28,1.3098,0.883,1.4349,0.6858,3.4824,1.2544,6.4735,1139.93,108.55
2016-04-29,1.3137,0.874,1.4318,0.6838,3.4547,1.2549,6.4738,1144.09,106.9
2016-05-02,1.3087,0.8684,1.4267,0.6818,3.505,1.2544,6.4738,1138.45,106.48
2016-05-03,1.3348,0.869,1.444,0.6876,3.5652,1.2686,6.49,1148.69,106.34
2016-05-04,1.3416,0.8706,1.4548,0.6908,3.5339,1.2882,6.4945,1164.59,107.12
2016-05-05,1.3396,0.8769,1.4505,0.6903,3.526,1.2855,6.5032,1165.93,107.32
2016-05-06,1.3591,0.8756,1.4613,0.6926,3.5255,1.292,6.497,1167.29,106.66
2016-05-09,1.3656,0.877,1.4754,0.694,3.556,1.2994,6.514,1174.25,108.39
2016-05-10,1.3604,0.8783,1.4824,0.6919,3.4742,1.2957,6.515,1169.89,109.22
2016-05-11,1.3517,0.8738,1.4609,0.6906,3.4594,1.2834,6.491,1162.47,108.48
2016-05-12,1.3672,0.8787,1.4671,0.6919,3.4942,1.2857,6.514,1168.7,108.73
2016-05-13,1.3749,0.8854,1.4747,0.6959,3.5075,1.2939,6.5285,1176.85,109.14
2016-05-16,1.3699,0.8828,1.4695,0.6939,3.5034,1.2886,6.5184,1177.21,108.89
2016-05-17,1.3602,0.8821,1.462,0.6904,3.4942,1.2884,6.517,1173.67,109.02
2016-05-18,1.3727,0.8868,1.4745,0.6842,3.5268,1.2924,6.537,1185.77,109.65
2016-05-19,1.3864,0.8917,1.4819,0.6846,3.6051,1.3114,6.544,1189.25,109.81
2016-05-20,1.386,0.8923,1.4793,0.689,3.5386,1.3136,6.5485,1186.93,110.52
2016-05-23,1.3883,0.8935,1.4806,0.6923,3.5753,1.3155,6.5533,1183.39,109.47
2016-05-24,1.392,0.8973,1.4841,0.6839,3.5518,1.3117,6.5552,1186.39,110
2016-05-25,1.3916,0.8965,1.481,0.6805,3.6072,1.3089,6.5538,1182.21,110.22
2016-05-26,1.3837,0.8941,1.481,0.6815,3.5775,1.298,6.554,1178.09,109.74
2016-05-27,1.3879,0.8977,1.4861,0.6829,3.6122,1.3001,6.5615,1180.59,109.86
2016-05-30,ND,ND,ND,ND,ND,ND,ND,ND,ND
2016-05-31,1.3808,0.8981,1.4773,0.6882,3.6074,1.3097,6.5798,1188.99,110.75
2016-06-01,1.3808,0.8957,1.4691,0.6947,3.603,1.3089,6.5748,1192.09,109.55
2016-06-02,1.3841,0.8963,1.4674,0.6935,3.5978,1.308,6.5815,1186.69,108.75
2016-06-03,1.3626,0.8826,1.4405,0.6887,3.5332,1.2947,6.5638,1167.79,106.88
2016-06-06,1.3583,0.8807,1.4428,0.692,3.5094,1.2856,6.5611,1162.28,107.33
2016-06-07,1.3419,0.8811,1.4325,0.6866,3.4604,1.2788,6.571,1154.8,107.3
2016-06-08,1.3371,0.8772,1.4237,0.6875,3.377,1.2694,6.56,1153.83,106.68
2016-06-09,1.3457,0.8827,1.4019,0.6912,3.3934,1.2728,6.559,1159.29,106.54
2016-06-10,1.3523,0.8864,1.4146,0.6973,3.4298,1.2734,6.559,1167.61,107.06
2016-06-13,1.3524,0.8864,1.4156,0.7031,3.4599,1.2791,6.5823,1169.74,106.07
2016-06-14,1.3587,0.8924,1.428,0.7077,3.4959,1.2833,6.593,1176.78,106.02
2016-06-15,1.3506,0.8898,1.4229,0.705,3.4715,1.2912,6.5785,1167.53,105.87
2016-06-16,1.3676,0.8962,1.4294,0.7105,3.4952,1.3039,6.5899,1176.49,104.05
2016-06-17,1.3541,0.8884,1.4172,0.7,3.4301,1.2875,6.5849,1171.77,104.2
2016-06-20,1.3408,0.8835,1.4067,0.6808,3.3937,1.2807,6.5768,1156.8,104.32
2016-06-21,1.3403,0.8879,1.401,0.6818,3.4038,1.2817,6.5893,1154.35,104.56
2016-06-22,1.3349,0.8861,1.3957,0.6811,3.3794,1.282,6.575,1147.99,104.56
2016-06-23,1.3161,0.8793,1.3808,0.6757,3.344,1.2749,6.574,1143.27,105.9
2016-06-24,1.3421,0.8988,1.4067,0.7332,3.3895,1.2948,6.615,1167.56,102.26
2016-06-27,1.3592,0.9071,1.4245,0.7566,3.4025,1.3076,6.6481,1181.24,101.66
2016-06-28,1.36,0.9046,1.4223,0.7522,3.3074,1.3086,6.645,1169.31,102.71
2016-06-29,1.3434,0.8995,1.4043,0.7402,3.2386,1.299,6.635,1153.09,102.68
2016-06-30,1.3455,0.9065,1.4045,0.7552,3.2003,1.301,6.6459,1154.15,102.77
2016-07-01,1.336,0.8973,1.3953,0.753,3.2448,1.2897,6.6547,1146.49,102.55
2016-07-04,ND,ND,ND,ND,ND,ND,ND,ND,ND
2016-07-05,1.3412,0.9025,1.3992,0.768,3.2964,1.295,6.677,1156.79,101.58
2016-07-06,1.3314,0.9028,1.4025,0.7739,3.3217,1.3003,6.69,1160.59,101.12
2016-07-07,1.3355,0.9038,1.3864,0.7736,3.3436,1.2984,6.679,1154.89,100.74
2016-07-08,1.3229,0.906,1.3712,0.7729,3.2835,1.3072,6.6878,1148.71,100.65
2016-07-11,1.3273,0.9054,1.3847,0.7701,3.3095,1.3125,6.6917,1148.97,102.66
2016-07-12,1.3104,0.903,1.3691,0.7555,3.274,1.3016,6.686,1146.47,104.72
2016-07-13,1.3116,0.8999,1.3693,0.7587,3.2895,1.2962,6.6832,1145.01,104.1
2016-07-14,1.3103,0.9002,1.3891,0.7501,3.235,1.2916,6.6801,1130.65,105.4
2016-07-15,1.318,0.9042,1.4019,0.7579,3.2731,1.2978,6.6865,1135.49,105.64
2016-07-18,1.3163,0.9029,1.4051,0.7531,3.2523,1.2984,6.7013,1134.39,106
2016-07-19,1.334,0.9079,1.4186,0.762,3.2754,1.3027,6.6931,1140.56,106.13
2016-07-20,1.3358,0.9085,1.4219,0.7588,3.2468,1.3037,6.676,1142.33,106.65
2016-07-21,1.3339,0.9078,1.4308,0.7567,3.2692,1.3056,6.6735,1137.31,105.98
2016-07-22,1.3417,0.9117,1.4306,0.7639,3.2856,1.3178,6.676,1137.49,106.22
2016-07-25,1.3408,0.9107,1.4325,0.7616,3.287,1.3224,6.6783,1140.8,106.02
2016-07-26,1.3305,0.9104,1.4209,0.7614,3.277,1.3207,6.669,1137.59,104.83
2016-07-27,1.3405,0.9101,1.4201,0.7637,3.2867,1.3221,6.668,1135.09,105.65
2016-07-28,1.3314,0.9014,1.4134,0.7604,3.2737,1.317,6.6538,1124.79,104.86
2016-07-29,1.316,0.8954,1.3858,0.7536,3.238,1.304,6.6371,1112.89,102.32
2016-08-01,1.3215,0.8948,1.3897,0.7571,3.265,1.3096,6.6421,1106.15,102.26
2016-08-02,1.3139,0.8909,1.3822,0.7504,3.2521,1.3087,6.6239,1108.35,100.82
2016-08-03,1.3172,0.8953,1.3961,0.7499,3.2595,1.3078,6.632,1116.21,101.34
2016-08-04,1.3094,0.8981,1.3899,0.7609,3.2,1.3025,6.6388,1111.99,101.08
2016-08-05,1.3132,0.9025,1.401,0.7652,3.1873,1.3179,6.653,1114.54,101.74
2016-08-08,1.3062,0.9027,1.4008,0.7668,3.1841,1.3162,6.6597,1108.24,102.53
2016-08-09,1.3026,0.9001,1.3931,0.7686,3.1325,1.3116,6.653,1101.45,101.96
2016-08-10,1.2958,0.8952,1.385,0.7693,3.1292,1.3059,6.6345,1095.84,101.27
2016-08-11,1.297,0.8954,1.3808,0.7716,3.1369,1.3004,6.6274,1097.39,101.46
2016-08-12,1.304,0.8951,1.386,0.7732,3.1648,1.2943,6.6324,1100.79,101.01
2016-08-15,1.3009,0.8929,1.3852,0.7768,3.1717,1.2922,6.637,1095.83,101.02
2016-08-16,1.2992,0.8868,1.3763,0.7681,3.1782,1.2861,6.624,1093.95,100.28
2016-08-17,1.3125,0.8879,1.3852,0.7685,3.2273,1.2885,6.6328,1114.25,100.24
2016-08-18,1.3014,0.8823,1.3714,0.7606,3.229,1.2777,6.6297,1107.41,100.07
2016-08-19,1.3123,0.8829,1.3759,0.7656,3.2219,1.2878,6.6515,1116.37,100.24
2016-08-22,1.3108,0.8839,1.374,0.7614,3.2209,1.2942,6.6475,1120.93,100.25
2016-08-23,1.3103,0.8843,1.3686,0.7588,3.2196,1.2904,6.6378,1116.91,100.2
2016-08-24,1.3149,0.8884,1.3686,0.7555,3.236,1.2939,6.6562,1121.34,100.5
2016-08-25,1.3139,0.887,1.3704,0.7589,3.2291,1.2934,6.656,1115.23,100.58
2016-08-26,1.3134,0.8899,1.3695,0.7594,3.2085,1.2944,6.669,1111.47,101.2
2016-08-29,1.32,0.8943,1.3785,0.764,3.2436,1.3018,6.6775,1121.53,102.13
2016-08-30,1.3305,0.8969,1.3847,0.7643,3.2525,1.3075,6.6778,1118.27,102.92
2016-08-31,1.33,0.8972,1.378,0.7617,3.247,1.3122,6.6776,1115.98,103.38
2016-09-01,1.3259,0.8933,1.3732,0.7534,3.246,1.3107,6.6713,1116.89,103.22
2016-09-02,1.3233,0.8962,1.3725,0.7519,3.248,1.2998,6.679,1114.87,104.18
2016-09-05,ND,ND,ND,ND,ND,ND,ND,ND,ND
2016-09-06,1.3031,0.8899,1.3501,0.7447,3.2217,1.2843,6.6722,1093.04,102.28
2016-09-07,1.3029,0.8898,1.3421,0.7497,3.2223,1.2895,6.66,1090.03,101.72
2016-09-08,1.3045,0.8884,1.3503,0.7518,3.1962,1.291,6.664,1095.27,102.28
2016-09-09,1.3247,0.8917,1.3631,0.7543,3.2687,1.3034,6.6778,1106.83,102.86
2016-09-12,1.3287,0.8905,1.3659,0.7511,3.2762,1.3076,6.6788,1112.03,101.96
2016-09-13,1.3387,0.8895,1.377,0.7585,3.3144,1.3167,6.6782,1124.61,102.14
2016-09-14,1.336,0.8872,1.3691,0.7573,3.3196,1.3187,6.6707,1123.81,102.33
2016-09-15,1.3312,0.8892,1.3684,0.7567,3.3274,1.3145,6.6707,1122.83,102.24
2016-09-16,1.3353,0.8961,1.3753,0.7639,3.2923,1.3212,6.6707,1127.37,102.36
2016-09-19,1.3228,0.8945,1.3667,0.7662,3.2565,1.318,6.665,1117.44,101.82
2016-09-20,1.3242,0.8951,1.3656,0.7708,3.2633,1.3228,6.67,1117.34,101.66
2016-09-21,1.3177,0.8957,1.3646,0.7705,3.2393,1.3186,6.6695,1112.17,100.62
2016-09-22,1.3082,0.8906,1.3671,0.7638,3.2092,1.3036,6.663,1100.59,100.8
2016-09-23,1.3122,0.891,1.3822,0.7717,3.227,1.3163,6.669,1102.21,101.04
2016-09-26,1.3086,0.8873,1.3736,0.7705,3.2345,1.3196,6.6683,1106.99,100.34
2016-09-27,1.3058,0.8922,1.371,0.7689,3.2364,1.3247,6.6691,1099.22,100.36
2016-09-28,1.3057,0.8929,1.3785,0.7695,3.2468,1.3237,6.673,1096.73,100.57
2016-09-29,1.3028,0.8894,1.3727,0.7698,3.2276,1.3101,6.665,1097.39,101.48
2016-09-30,1.3043,0.8898,1.3717,0.7683,3.2434,1.3115,6.6685,1097.98,101.21
2016-10-03,1.3048,0.8921,1.3768,0.7788,3.2333,1.3138,6.6685,1104.79,101.54
2016-10-04,1.3082,0.8919,1.3801,0.7846,3.2339,1.3171,6.6685,1110.77,102.66
2016-10-05,1.3127,0.8932,1.3941,0.7846,3.2326,1.3177,6.6685,1114.53,103.53
2016-10-06,1.3193,0.8962,1.3965,0.7907,3.2309,1.3209,6.6685,1114.53,104.02
2016-10-07,1.3235,0.8964,1.4047,0.8042,3.2296,1.3306,6.6685,1115.95,103.42
2016-10-10,ND,ND,ND,ND,ND,ND,ND,ND,ND
2016-10-11,1.3254,0.904,1.415,0.8185,3.2111,1.3235,6.719,1124.21,103.36
2016-10-12,1.324,0.9079,1.4188,0.82,3.2111,1.3277,6.718,1127.23,104.48
2016-10-13,1.3231,0.906,1.4122,0.8196,3.199,1.3219,6.7248,1133.31,103.62
2016-10-14,1.3141,0.9103,1.411,0.8204,3.1975,1.3169,6.7277,1133.13,104.1
2016-10-17,1.3113,0.9091,1.4017,0.8206,3.1985,1.3135,6.735,1137.61,103.96
2016-10-18,1.3023,0.9093,1.3854,0.8123,3.1787,1.3105,6.7401,1123.75,103.8
2016-10-19,1.2962,0.9119,1.3845,0.8144,3.1677,1.3105,6.737,1120.01,103.3
2016-10-20,1.3089,0.9146,1.3883,0.8159,3.1548,1.3197,6.7439,1128.39,103.92
2016-10-21,1.3163,0.9203,1.3978,0.819,3.159,1.3324,6.7654,1137.17,103.96
2016-10-24,1.3153,0.9184,1.4019,0.8194,3.1255,1.3387,6.7728,1135.4,104.2
2016-10-25,1.3068,0.9183,1.3951,0.8221,3.1142,1.3333,6.778,1129.89,104.25
2016-10-26,1.306,0.9161,1.3974,0.8174,3.132,1.3361,6.7706,1134.94,104.42
2016-10-27,1.3148,0.9171,1.4039,0.8215,3.1494,1.3385,6.7819,1145.85,105.14
2016-10-28,1.3196,0.9146,1.3998,0.8227,3.1833,1.3383,6.776,1146.49,105.4
2016-10-31,1.3139,0.9122,1.3974,0.8189,3.1658,1.3403,6.7735,1145.37,105.07
2016-11-01,1.3057,0.9056,1.3935,0.8185,3.2342,1.3377,6.763,1142.68,104.59
2016-11-02,1.3043,0.8994,1.3706,0.812,3.2364,1.3387,6.7606,1148.39,103.22
2016-11-03,1.3019,0.9014,1.3657,0.803,3.2386,1.3384,6.7612,1142.68,103.17
2016-11-04,1.304,0.8992,1.3678,0.7971,3.2411,1.3413,6.7534,1142.68,103.02
2016-11-07,1.2987,0.906,1.3654,0.8063,3.1978,1.338,6.774,1141.27,104.6
2016-11-08,1.2932,0.9063,1.3596,0.8083,3.1801,1.3335,6.784,1131.39,104.98
2016-11-09,1.3031,0.9131,1.3695,0.8017,3.2163,1.3406,6.7769,1150.64,104.84
2016-11-10,1.3175,0.9189,1.3885,0.7985,3.3653,1.3474,6.7987,1162.11,106.56
2016-11-11,ND,ND,ND,ND,ND,ND,ND,ND,ND
2016-11-14,1.3277,0.9326,1.4114,0.802,3.4485,1.3581,6.8447,1171.25,108.3
2016-11-15,1.3263,0.9323,1.4094,0.805,3.4479,1.3468,6.8556,1170.21,108.94
2016-11-16,1.3348,0.9347,1.4126,0.8032,3.4198,1.3415,6.877,1172.41,109.16
2016-11-17,1.3414,0.9384,1.4168,0.8032,3.4134,1.3429,6.8674,1176.03,109.64
2016-11-18,1.3615,0.9434,1.4229,0.8112,3.3894,1.3518,6.8873,1177.71,110.51
2016-11-21,1.3592,0.9437,1.417,0.8017,3.3585,1.3432,6.8918,1178.51,111.12
2016-11-22,1.3535,0.9418,1.4188,0.8049,3.3595,1.3444,6.888,1173.25,110.98
2016-11-23,1.353,0.947,1.4265,0.8027,3.3945,1.3467,6.9195,1181.57,112.58
2016-11-24,ND,ND,ND,ND,ND,ND,ND,ND,ND
2016-11-25,1.3468,0.9438,1.4194,0.8024,3.4229,1.3512,6.9176,1174.99,113.17
2016-11-28,1.3373,0.9455,1.4158,0.8057,3.3871,1.3401,6.9055,1170.53,112.36
2016-11-29,1.3389,0.9411,1.4047,0.7997,3.4011,1.3435,6.8933,1169.99,112.78
2016-11-30,1.3537,0.9454,1.4122,0.8012,3.3854,1.3425,6.8837,1175.87,114.34
2016-12-01,1.3493,0.9404,1.414,0.7939,3.4717,1.333,6.883,1167.31,114.34
2016-12-02,1.3432,0.9376,1.4008,0.7883,3.4576,1.3298,6.883,1167.7,113.76
2016-12-05,1.3376,0.9326,1.4017,0.7869,3.4314,1.3271,6.8775,1168.11,114.1
2016-12-06,1.3416,0.9331,1.4059,0.787,3.4269,1.3279,6.879,1171.5,113.98
2016-12-07,1.3371,0.9295,1.3966,0.7934,3.3977,1.3251,6.878,1161.67,113.5
2016-12-08,1.3426,0.9412,1.3951,0.7953,3.3798,1.322,6.8771,1162.49,114.16
2016-12-09,1.3437,0.9487,1.4008,0.7943,3.3595,1.3162,6.9042,1171.88,115.17
2016-12-12,1.3358,0.9429,1.391,0.7888,3.3505,1.3137,6.9045,1164.37,115.34
2016-12-13,1.3344,0.9403,1.3881,0.7883,3.3308,1.3119,6.8984,1164.65,115.26
2016-12-14,1.3312,0.9384,1.3835,0.787,3.3332,1.3123,6.9025,1165.13,115.06
2016-12-15,1.3618,0.9639,1.4255,0.8072,3.3933,1.3397,6.941,1185.35,118.32
2016-12-16,1.3702,0.9564,1.4325,0.8014,3.386,1.3339,6.958,1183.72,117.74
2016-12-19,1.3767,0.9575,1.4391,0.8052,3.3725,1.3395,6.9506,1187.71,116.6
2016-12-20,1.3789,0.9625,1.4449,0.8092,3.3631,1.3376,6.947,1192.13,117.86
2016-12-21,1.3805,0.9592,1.4489,0.8098,3.3335,1.3401,6.939,1193.91,117.79
2016-12-22,1.3858,0.9568,1.4474,0.8129,3.3153,1.347,6.9473,1204.65,117.48
2016-12-23,1.3939,0.957,1.4556,0.8162,3.2687,1.3533,6.9432,1201.51,117.22
2016-12-26,ND,ND,ND,ND,ND,ND,ND,ND,ND
2016-12-27,1.391,0.9562,1.4514,0.8156,3.28,1.3553,6.9491,1207.68,117.52
2016-12-28,1.3918,0.9626,1.4472,0.8182,3.283,1.3555,6.9559,1212.22,117.66
2016-12-29,1.385,0.9537,1.4372,0.8172,3.2456,1.3488,6.9535,1207.05,116.32
2016-12-30,1.3831,0.9477,1.4372,0.8106,3.2532,1.3426,6.943,1203.73,116.78
2017-01-02,ND,ND,ND,ND,ND,ND,ND,ND,ND
2017-01-03,1.3829,0.9601,1.4436,0.8159,3.2526,1.3437,6.9575,1207.23,117.68
2017-01-04,1.3755,0.9546,1.4391,0.8131,3.2139,1.3293,6.9322,1198.07,117.38
2017-01-05,1.3635,0.9436,1.4241,0.8055,3.2051,1.3216,6.887,1182.46,115.46
2017-01-06,1.3689,0.947,1.4341,0.8121,3.2113,1.3216,6.9176,1198.85,116.85
2017-01-09,1.358,0.9455,1.4231,0.8219,3.1916,1.322,6.935,1200.51,116.07
2017-01-10,1.3569,0.9459,1.4314,0.822,3.1971,1.3208,6.918,1196.96,115.74
2017-01-11,1.3514,0.9523,1.4269,0.8252,3.2024,1.3219,6.9365,1197.59,116.26
2017-01-12,1.3319,0.9376,1.401,0.8189,3.1821,1.313,6.889,1170.93,113.87
2017-01-13,1.3367,0.9412,1.4075,0.8198,3.2077,1.3134,6.8985,1177.81,115.03
2017-01-16,ND,ND,ND,ND,ND,ND,ND,ND,ND
2017-01-17,1.3263,0.935,1.3922,0.8072,3.2077,1.306,6.852,1161.61,112.96
2017-01-18,1.324,0.9362,1.3931,0.8124,3.2242,1.3175,6.836,1170.73,113.4
2017-01-19,1.3254,0.9407,1.3945,0.8118,3.2024,1.3327,6.868,1177.03,115.3
2017-01-20,ND,ND,ND,ND,ND,ND,ND,ND,ND
2017-01-23,1.3221,0.9311,1.386,0.801,3.1685,1.3283,6.8514,1165.82,112.9
2017-01-24,1.3186,0.9303,1.3772,0.798,3.1695,1.3152,6.8555,1165.25,113.63
2017-01-25,1.3219,0.9308,1.3759,0.7924,3.1697,1.3074,6.8812,1164.13,113.6
2017-01-26,1.3278,0.9372,1.3827,0.795,3.1892,1.3104,6.8768,1169.61,114.7
2017-01-27,1.3247,0.9355,1.378,0.798,3.1537,1.3108,6.8768,1175.73,115.16
2017-01-30,1.3235,0.9362,1.3734,0.8014,3.1152,1.3092,6.8768,1171.27,113.86
2017-01-31,1.3189,0.9264,1.3644,0.7946,3.1477,1.303,6.8768,1151.45,112.72
2017-02-01,1.3221,0.9295,1.3791,0.791,3.153,1.3088,6.8768,1154.45,113.29
2017-02-02,1.3033,0.9258,1.3687,0.7974,3.1245,1.3018,6.8768,1139.9,112.48
2017-02-03,1.3011,0.9266,1.3657,0.7997,3.1157,1.3003,6.865,1134.65,112.42
2017-02-06,1.3087,0.9319,1.3691,0.8032,3.1181,1.3116,6.86,1134.87,112.32
2017-02-07,1.3096,0.9355,1.3669,0.8009,3.1235,1.3166,6.8821,1142.89,112.14
2017-02-08,1.3075,0.9339,1.3657,0.7973,3.119,1.3156,6.87,1143.25,111.74
2017-02-09,1.3118,0.9383,1.3924,0.799,3.1291,1.3139,6.866,1149.88,113.24
2017-02-10,1.3011,0.939,1.3875,0.7999,3.1092,1.3073,6.8775,1146.78,113.22
2017-02-13,1.3082,0.9431,1.3937,0.7994,3.1106,1.3072,6.8776,1150.16,113.79
2017-02-14,1.3092,0.9454,1.3978,0.8022,3.1074,1.3092,6.8649,1139.33,114.34
2017-02-15,1.299,0.9437,1.3885,0.8022,3.0557,1.3082,6.8685,1136.46,114.17
2017-02-16,1.2997,0.9381,1.3837,0.8015,3.0744,1.3056,6.8517,1140.57,113.36
2017-02-17,1.306,0.9422,1.3924,0.8046,3.1038,1.3114,6.864,1150.73,112.86
2017-02-20,ND,ND,ND,ND,ND,ND,ND,ND,ND
2017-02-21,1.3034,0.9478,1.3974,0.8022,3.0932,1.3149,6.881,1143.63,113.48
2017-02-22,1.3016,0.9474,1.3965,0.8028,3.0778,1.3188,6.8765,1142.15,113.46
2017-02-23,1.296,0.9446,1.3822,0.7969,3.0645,1.3109,6.8622,1129.84,112.68
2017-02-24,1.3019,0.9452,1.3887,0.8001,3.1123,1.3106,6.8645,1130.41,112.26
2017-02-27,1.2999,0.9413,1.3843,0.8017,3.1085,1.31,6.8675,1130.14,112.01
2017-02-28,1.3011,0.9418,1.3833,0.8047,3.1085,1.3247,6.8665,1129.17,112.06
2017-03-01,1.3048,0.9466,1.4023,0.8118,3.1028,1.3345,6.8794,1140.75,113.66
2017-03-02,1.3196,0.9511,1.4142,0.8152,3.1264,1.3384,6.8868,1146.9,114.45
2017-03-03,1.3229,0.9477,1.4261,0.8164,3.1385,1.3419,6.8954,1156.77,114.6
2017-03-06,1.3187,0.9446,1.4288,0.8168,3.1218,1.341,6.8955,1154.36,113.92
2017-03-07,1.3153,0.945,1.432,0.8191,3.1222,1.3413,6.9,1149.87,113.99
2017-03-08,1.3256,0.9481,1.4438,0.8229,3.1527,1.3479,6.9113,1154.69,114.58
2017-03-09,1.3303,0.9446,1.4478,0.822,3.1684,1.3504,6.9086,1158.12,114.71
2017-03-10,1.3278,0.9375,1.4453,0.8225,3.1552,1.3468,6.905,1150.37,115.02
2017-03-13,1.3191,0.9372,1.4436,0.8174,3.1524,1.3453,6.905,1150.37,114.61
2017-03-14,1.3201,0.9394,1.4424,0.8218,3.159,1.3462,6.913,1148.54,114.63
2017-03-15,1.317,0.9407,1.4376,0.8182,3.1576,1.3451,6.9132,1144.16,114.66
2017-03-16,1.3033,0.9313,1.4329,0.8084,3.1194,1.3316,6.913,1148.54,113.02
2017-03-17,1.3004,0.9309,1.4269,0.8083,3.106,1.3366,6.9,1128.67,112.67
2017-03-20,1.2932,0.9299,1.4184,0.8087,3.0812,1.3357,6.905,1112.29,112.59
2017-03-21,1.2958,0.9251,1.4158,0.8013,3.084,1.3321,6.883,1118.23,111.9
2017-03-22,1.3031,0.9259,1.4172,0.8015,3.0863,1.3347,6.8785,1117.91,111.06
2017-03-23,1.3082,0.927,1.4198,0.7983,3.1348,1.3332,6.8843,1117.91,111.12
2017-03-24,1.3125,0.9254,1.4225,0.8006,3.1144,1.3373,6.8803,1116.69,111.03
2017-03-27,1.3118,0.9189,1.4174,0.7947,3.1197,1.3367,6.8687,1108.3,110.48
2017-03-28,1.307,0.9215,1.4211,0.7998,3.1298,1.3363,6.8779,1111.51,110.56
2017-03-29,1.3055,0.9297,1.4235,0.8057,3.1175,1.3372,6.8879,1112.28,111.05
2017-03-30,1.3045,0.9323,1.4239,0.8007,3.1203,1.3278,6.887,1114.11,111.36
2017-03-31,1.3092,0.9348,1.4284,0.7976,3.1628,1.3321,6.8832,1117.48,111.41
2017-04-03,1.3156,0.9385,1.4292,0.8013,3.1183,1.3388,6.8832,1117.65,110.96
2017-04-04,1.3215,0.9377,1.4333,0.8041,3.1147,1.3413,6.8832,1122.61,110.74
2017-04-05,1.3201,0.938,1.4378,0.8008,3.0932,1.341,6.892,1126.58,111.2
2017-04-06,1.3247,0.9389,1.4341,0.8009,3.1087,1.3409,6.8955,1131.21,111.02
2017-04-07,1.3305,0.942,1.4374,0.8066,3.1258,1.3396,6.8978,1133.89,110.76
2017-04-10,1.3333,0.9429,1.4358,0.8053,3.1443,1.3347,6.8988,1141.24,110.95
2017-04-11,1.3339,0.9422,1.4376,0.801,3.1456,1.3333,6.8893,1147.77,109.74
2017-04-12,1.336,0.9424,1.444,0.8,3.1519,1.3302,6.889,1138.83,109.54
2017-04-13,1.3184,0.9407,1.4263,0.7986,3.1309,1.3266,6.8865,1133.32,109.23
2017-04-14,1.3201,0.9412,1.4267,0.798,3.1445,1.3316,6.8835,1136.67,108.63
2017-04-17,1.3151,0.9381,1.4229,0.7945,3.1036,1.3277,6.88,1134.25,108.46
2017-04-18,1.324,0.9341,1.4217,0.7831,3.0997,1.3381,6.8778,1143.89,108.4
2017-04-19,1.3333,0.934,1.4282,0.7819,3.1399,1.3467,6.886,1142.37,109.06
2017-04-20,1.3263,0.9295,1.4251,0.7794,3.1466,1.3479,6.88,1136.29,109.34
2017-04-21,1.3264,0.9351,1.4245,0.7823,3.1475,1.3502,6.8845,1134.22,109.08
2017-04-24,1.3231,0.922,1.4247,0.7823,3.1254,1.3517,6.884,1132.19,109.74
2017-04-25,1.3266,0.914,1.4391,0.7791,3.1669,1.3614,6.8824,1126.54,110.88
2017-04-26,1.3401,0.9198,1.4535,0.7789,3.1961,1.3591,6.8918,1133.17,111.52
2017-04-27,1.3419,0.9205,1.459,0.7759,3.1867,1.3664,6.8958,1133.83,111.13
2017-04-28,1.3378,0.9179,1.4577,0.7729,3.1896,1.3669,6.89,1136.99,111.44
2017-05-01,1.3273,0.9164,1.4463,0.7742,3.176,1.3653,6.89,1134.87,111.78
2017-05-02,1.3293,0.9166,1.4445,0.7739,3.1685,1.3742,6.8949,1129.16,112.06
2017-05-03,1.3421,0.9158,1.4468,0.7742,3.1443,1.3705,6.8968,1131.25,112.34
2017-05-04,1.3508,0.9118,1.459,0.7746,3.1823,1.3745,6.8959,1134.2,112.7
2017-05-05,1.3488,0.9094,1.4461,0.7722,3.1703,1.3699,6.9021,1136.49,112.63
2017-05-08,1.3539,0.9151,1.4472,0.7727,3.2003,1.3712,6.904,1132.91,112.84
2017-05-09,1.3602,0.9195,1.4495,0.7729,3.1818,1.3715,6.906,1134.84,114.19
2017-05-10,1.3545,0.9197,1.4397,0.7729,3.1531,1.3652,6.9011,1132.13,114.02
2017-05-11,1.3561,0.92,1.4601,0.7761,3.1494,1.3693,6.9033,1127.51,113.77
2017-05-12,1.3519,0.9152,1.4577,0.7764,3.1207,1.3717,6.8972,1121.68,113.3
2017-05-15,1.3468,0.9108,1.4522,0.7742,3.1049,1.3648,6.89,1115.01,113.54
2017-05-16,1.3461,0.9032,1.4533,0.7745,3.0903,1.359,6.884,1115,113.24
2017-05-17,1.3466,0.8981,1.4438,0.7726,3.1015,1.3594,6.8773,1118.67,111.46
2017-05-18,1.3455,0.8985,1.4459,0.7687,3.3823,1.3604,6.888,1129.17,110.82
2017-05-19,1.3425,0.8937,1.4465,0.7682,3.2745,1.3537,6.883,1116.71,111.47
2017-05-22,1.3376,0.89,1.4306,0.7689,3.2952,1.3503,6.8828,1114.71,111.15
2017-05-23,1.336,0.893,1.4257,0.7702,3.2729,1.3492,6.888,1125.02,111.64
2017-05-24,1.3399,0.8949,1.4261,0.7731,3.2747,1.3454,6.8883,1122.83,112.02
2017-05-25,1.3394,0.8914,1.4198,0.772,3.288,1.3457,6.8672,1119.71,111.7
2017-05-26,1.3441,0.8953,1.4174,0.7816,3.2575,1.3454,6.8525,1118.67,111.3
2017-05-29,ND,ND,ND,ND,ND,ND,ND,ND,ND
2017-05-30,1.3396,0.8942,1.4094,0.7777,3.2651,1.3462,6.8525,1122.87,110.68
2017-05-31,1.3446,0.89,1.4085,0.7749,3.2405,1.3498,6.8098,1119.58,110.71
2017-06-01,1.3537,0.8917,1.4156,0.7756,3.2398,1.3484,6.8029,1120.85,111.24
2017-06-02,1.3439,0.8873,1.4004,0.7761,3.2391,1.35,6.8085,1117.49,110.49
2017-06-05,1.3371,0.8889,1.4004,0.7742,3.2896,1.3484,6.803,1118.44,110.49
2017-06-06,1.3308,0.8876,1.3887,0.7751,3.2813,1.3451,6.7945,1118.53,109.34
2017-06-07,1.3245,0.89,1.3897,0.7727,3.279,1.3514,6.7935,1124.16,109.54
2017-06-08,1.3257,0.8915,1.3852,0.7729,3.2822,1.3494,6.799,1122.73,110.1
2017-06-09,1.3277,0.8937,1.3875,0.7851,3.2793,1.3434,6.797,1123.51,110.61
2017-06-12,1.3264,0.8925,1.3877,0.79,3.3097,1.3447,6.7974,1130.55,109.72
2017-06-13,1.3263,0.8933,1.3848,0.785,3.3125,1.3226,6.7981,1127.79,110.12
2017-06-14,1.3125,0.8868,1.3693,0.7808,3.2762,1.3201,6.7888,1116.45,109.16
2017-06-15,1.3189,0.8967,1.3872,0.7832,3.274,1.3286,6.8061,1129.91,110.66
2017-06-16,1.312,0.8933,1.3789,0.7826,3.2898,1.3235,6.8097,1133.2,110.84
2017-06-19,1.3149,0.8961,1.3805,0.7847,3.2908,1.3202,6.818,1134.69,111.34
2017-06-20,1.3201,0.899,1.3814,0.7919,3.3292,1.3268,6.8285,1141.33,111.46
2017-06-21,1.3247,0.8974,1.3862,0.7895,3.3283,1.3323,6.8275,1143.01,111.58
2017-06-22,1.3259,0.897,1.3765,0.79,3.3301,1.3236,6.8275,1143.01,111.36
2017-06-23,1.3196,0.8932,1.371,0.7857,3.3281,1.3263,6.8345,1132.99,111.26
2017-06-26,1.3175,0.8932,1.3693,0.7854,3.3106,1.3228,6.8382,1132.48,111.48
2017-06-27,1.3179,0.885,1.374,0.7818,3.3195,1.3176,6.81,1137.77,112.42
2017-06-28,1.3092,0.88,1.3684,0.773,3.2977,1.3043,6.7984,1141.91,112.18
2017-06-29,1.3021,0.8757,1.3717,0.7702,3.3062,1.301,6.784,1144.07,112.32
2017-06-30,1.3028,0.8763,1.3657,0.7695,3.3057,1.2982,6.7793,1143.75,112.4
2017-07-03,1.3068,0.8797,1.3701,0.7721,3.3,1.3,6.7984,1149.26,113.32
2017-07-04,ND,ND,ND,ND,ND,ND,ND,ND,ND
2017-07-05,1.3179,0.8821,1.3749,0.7732,3.3162,1.2998,6.7995,1153.06,113.2
2017-07-06,1.3186,0.8765,1.3763,0.7712,3.3048,1.2933,6.799,1156.55,113.28
2017-07-07,1.316,0.8775,1.3749,0.7764,3.2843,1.287,6.8039,1153.85,114.1
2017-07-10,1.316,0.8775,1.3757,0.7762,3.2627,1.2883,6.8026,1149.35,114.08
2017-07-11,1.3134,0.8749,1.3872,0.7781,3.2505,1.2921,6.801,1149.83,114.2
2017-07-12,1.3033,0.8763,1.3772,0.7759,3.2258,1.2768,6.7865,1138.32,113.19
2017-07-13,1.294,0.8783,1.3671,0.7739,3.2133,1.2739,6.7825,1137.22,113.39
2017-07-14,1.2799,0.8732,1.3641,0.7646,3.1832,1.2655,6.7741,1127.79,112.66
2017-07-17,1.2802,0.8718,1.3657,0.7658,3.181,1.2673,6.769,1127.74,112.76
2017-07-18,1.2621,0.8637,1.3572,0.7677,3.1571,1.2663,6.7451,1123.69,111.89
2017-07-19,1.2585,0.8682,1.3592,0.7671,3.1526,1.2586,6.7511,1122.92,111.77
2017-07-20,1.2566,0.8595,1.3524,0.7707,3.1374,1.2582,6.757,1120.77,111.68
2017-07-21,1.2641,0.858,1.3446,0.7711,3.1218,1.2545,6.7663,1117.47,111.18
2017-07-24,1.2617,0.859,1.3459,0.7676,3.1473,1.2519,6.7488,1113.82,111.1
2017-07-25,1.258,0.8579,1.347,0.7665,3.1617,1.2512,6.7495,1117.02,111.57
2017-07-26,1.2623,0.8597,1.3457,0.7664,3.1596,1.2506,6.753,1117.76,112.1
2017-07-27,1.256,0.8579,1.3349,0.7654,3.1527,1.2529,6.741,1115.15,111.62
2017-07-28,1.2514,0.8508,1.3323,0.762,3.1424,1.2436,6.7362,1121.49,110.87
2017-07-31,1.2519,0.8456,1.3328,0.7578,3.1338,1.249,6.724,1121.86,110.38
2017-08-01,1.2541,0.8475,1.338,0.7572,3.1143,1.254,6.717,1121.09,110.33
2017-08-02,1.2527,0.8431,1.3432,0.7555,3.1165,1.2544,6.72,1121.55,110.43
2017-08-03,1.2587,0.8418,1.3444,0.7608,3.1209,1.2563,6.715,1127.73,110.12
2017-08-04,1.262,0.8508,1.3488,0.7671,3.1176,1.2639,6.7272,1128.02,110.76
2017-08-07,1.265,0.8483,1.36,0.768,3.1247,1.2684,6.7207,1127.39,110.76
2017-08-08,1.265,0.853,1.3646,0.7711,3.1295,1.2658,6.7049,1125.6,110.74
2017-08-09,1.2703,0.8512,1.3667,0.7694,3.1498,1.2711,6.672,1138.69,110.04
2017-08-10,1.2677,0.851,1.3744,0.7705,3.1518,1.2705,6.646,1144.36,109.37
2017-08-11,1.269,0.8467,1.3689,0.7699,3.1639,1.2689,6.6612,1141.57,109.06
2017-08-14,1.2716,0.8485,1.3704,0.7707,3.176,1.2698,6.6695,1137.22,109.48
2017-08-15,1.2784,0.8521,1.381,0.7775,3.1942,1.2745,6.6845,1135.47,110.42
2017-08-16,1.2687,0.8545,1.3768,0.7776,3.1635,1.2708,6.69,1137.75,110.8
2017-08-17,1.2629,0.8521,1.3684,0.7759,3.1585,1.265,6.673,1138.23,109.88
2017-08-18,1.2606,0.8512,1.3644,0.7784,3.1548,1.2585,6.67,1139.83,109.32
2017-08-21,1.2601,0.8465,1.365,0.775,3.1436,1.2587,6.663,1137.14,108.89
2017-08-22,1.2637,0.8502,1.3714,0.7792,3.1505,1.2559,6.66,1131.79,109.4
2017-08-23,1.2669,0.8473,1.3873,0.782,3.1521,1.2558,6.6569,1128.59,109.14
2017-08-24,1.265,0.8474,1.386,0.7811,3.1428,1.2528,6.66,1127.8,109.34
2017-08-25,1.2612,0.8422,1.3827,0.7768,3.1463,1.2494,6.6465,1121.73,109.24
2017-08-28,1.2569,0.8352,1.3795,0.7736,3.1577,1.2492,6.6084,1117.75,109.22
2017-08-29,1.2542,0.8316,1.3753,0.773,3.1656,1.2517,6.5945,1122.5,109.02
2017-08-30,1.265,0.8384,1.387,0.7732,3.1592,1.2608,6.5918,1122.05,110.2
2017-08-31,1.2607,0.8408,1.3947,0.7759,3.1454,1.2515,6.5888,1122.36,110.06
2017-09-01,1.2531,0.8419,1.3953,0.7709,3.1308,1.2372,6.5552,1119.12,110.09
2017-09-04,ND,ND,ND,ND,ND,ND,ND,ND,ND
2017-09-05,1.2484,0.8396,1.3789,0.7685,3.123,1.2355,6.5345,1130.01,108.94
2017-09-06,1.2475,0.8373,1.3847,0.7649,3.1085,1.221,6.5221,1132.49,108.75
2017-09-07,1.2441,0.8314,1.382,0.7637,3.099,1.2132,6.483,1125.49,108.26
2017-09-08,1.239,0.8305,1.3738,0.7569,3.0942,1.2131,6.4773,1133.08,107.72
2017-09-11,1.2463,0.8358,1.3793,0.7591,3.089,1.2136,6.5254,1129.75,109.03
2017-09-12,1.2435,0.8356,1.3704,0.753,3.1093,1.2154,6.5334,1126.56,110.01
2017-09-13,1.252,0.8405,1.3824,0.7565,3.1372,1.2192,6.54,1129.37,110.58
2017-09-14,1.2531,0.8413,1.3872,0.7464,3.129,1.2207,6.552,1132.59,110.66
2017-09-15,1.2489,0.8362,1.3719,0.7365,3.1263,1.2183,6.55,1130.68,110.84
2017-09-18,1.2553,0.8377,1.3772,0.7416,3.1288,1.2231,6.5725,1127.07,111.48
2017-09-19,1.2478,0.8347,1.3656,0.7398,3.132,1.2262,6.58,1128.83,111.49
2017-09-20,1.2392,0.8335,1.3535,0.7372,3.1198,1.2267,6.57,1125.53,111.5
2017-09-21,1.2594,0.8371,1.3665,0.7366,3.1358,1.2328,6.5861,1130.87,112.3
2017-09-22,1.2539,0.8355,1.3618,0.739,3.1257,1.2305,6.5899,1130.39,112.01
2017-09-25,1.2599,0.8437,1.3761,0.7431,3.1496,1.2347,6.6189,1134.59,111.64
2017-09-26,1.269,0.8495,1.3908,0.745,3.1703,1.2379,6.6371,1136.29,112.16
2017-09-27,1.2713,0.8513,1.3854,0.7462,3.1915,1.2402,6.64,1141.62,112.76
2017-09-28,1.277,0.8492,1.3864,0.7443,3.1865,1.2473,6.6591,1145.08,112.66
2017-09-29,1.2755,0.8465,1.3841,0.7462,3.164,1.2509,6.6533,1142.57,112.64
2017-10-02,1.278,0.8514,1.3887,0.7537,3.1585,1.2507,6.6533,1146.18,112.6
2017-10-03,1.2775,0.8504,1.3976,0.7547,3.1428,1.2498,6.6533,1140.5,112.8
2017-10-04,1.2729,0.8503,1.3968,0.7537,3.1237,1.2479,6.6533,1140.44,112.84
2017-10-05,1.2821,0.8543,1.4049,0.7615,3.1359,1.2548,6.6533,1139.03,112.74
2017-10-06,1.2878,0.8524,1.41,0.7655,3.1566,1.2543,6.6533,1143.46,112.68
2017-10-09,ND,ND,ND,ND,ND,ND,ND,ND,ND
2017-10-10,1.284,0.8472,1.413,0.7567,3.1747,1.2495,6.5712,1132.08,112.15
2017-10-11,1.2852,0.8441,1.413,0.757,3.1649,1.2511,6.587,1131.04,112.35
2017-10-12,1.2776,0.8446,1.4033,0.7591,3.1699,1.247,6.5855,1129.71,112.38
2017-10-13,1.2682,0.8448,1.3916,0.7517,3.1542,1.2494,6.5785,1125.01,111.94
2017-10-16,1.2724,0.8467,1.3926,0.7527,3.1642,1.2531,6.5885,1127.72,111.72
2017-10-17,1.2767,0.8508,1.3953,0.7586,3.1803,1.2567,6.622,1129.86,112.32
2017-10-18,1.2758,0.8493,1.401,0.7586,3.1777,1.2473,6.625,1130.94,112.94
2017-10-19,1.2694,0.8445,1.4237,0.7587,3.1753,1.2487,6.6126,1129.06,112.54
2017-10-20,1.2801,0.8496,1.437,0.7588,3.1875,1.2618,6.6185,1130.69,113.5
2017-10-23,1.2809,0.8502,1.4337,0.7575,3.2122,1.2644,6.638,1129.73,113.66
2017-10-24,1.2853,0.8499,1.4501,0.762,3.2508,1.266,6.6335,1128.36,113.92
2017-10-25,1.2997,0.8473,1.4554,0.7546,3.2519,1.2799,6.635,1126.49,113.7
2017-10-26,1.3007,0.8547,1.4577,0.7587,3.253,1.2821,6.6392,1123,113.72
2017-10-27,1.3055,0.8636,1.4554,0.7629,3.2731,1.2871,6.6498,1124.79,113.82
2017-10-30,1.3024,0.8601,1.4558,0.7579,3.2599,1.2835,6.6498,1124.79,113.26
2017-10-31,1.3041,0.8585,1.4599,0.753,3.2705,1.2894,6.6328,1115.68,113.63
2017-11-01,1.3028,0.8607,1.4501,0.7543,3.2697,1.289,6.6018,1110.03,114.04
2017-11-02,1.295,0.8568,1.4447,0.7652,3.2671,1.2808,6.6068,1111.54,113.84
2017-11-03,1.3072,0.8609,1.4474,0.7653,3.3075,1.2769,6.636,1114.86,114.25
2017-11-06,1.3033,0.8621,1.4463,0.7607,3.2782,1.274,6.6311,1110.09,113.9
2017-11-07,1.3094,0.8638,1.4493,0.7603,3.2776,1.2791,6.638,1113.1,113.9
2017-11-08,1.3026,0.8627,1.4449,0.7629,3.256,1.2727,6.6249,1111.14,113.62
2017-11-09,1.3041,0.8585,1.4384,0.7614,3.2513,1.2693,6.6378,1118.13,113.4
2017-11-10,ND,ND,ND,ND,ND,ND,ND,ND,ND
2017-11-13,1.312,0.8579,1.4497,0.7633,3.294,1.2735,6.6385,1119.96,113.62
2017-11-14,1.311,0.8501,1.4529,0.7617,3.3031,1.2731,6.635,1113.65,113.5
2017-11-15,1.32,0.8479,1.455,0.7596,3.3132,1.2783,6.62,1103.9,113.15
2017-11-16,1.3175,0.8495,1.4575,0.7577,3.2756,1.2736,6.6273,1094.49,112.89
2017-11-17,1.3222,0.8475,1.468,0.7563,3.2629,1.2785,6.6245,1093.15,111.98
2017-11-20,1.3243,0.8517,1.468,0.7552,3.2573,1.2795,6.6245,1093.15,112.49
2017-11-21,1.3189,0.8517,1.4628,0.7557,3.2447,1.2768,6.6265,1088.1,112.46
2017-11-22,1.3173,0.8482,1.4575,0.7524,3.2347,1.2728,6.6086,1085.66,111.62
2017-11-23,ND,ND,ND,ND,ND,ND,ND,ND,ND
2017-11-24,1.3125,0.8378,1.4524,0.7499,3.2227,1.2705,6.5998,1082.59,111.54
2017-11-27,1.3149,0.8396,1.4474,0.75,3.2247,1.2745,6.5967,1088.36,111
2017-11-28,1.3129,0.8419,1.4426,0.7558,3.2055,1.2804,6.6044,1079.87,111.13
2017-11-29,1.3207,0.8433,1.4497,0.7443,3.2285,1.285,6.6091,1079.33,111.75
2017-11-30,1.3207,0.8405,1.4599,0.7404,3.2843,1.2884,6.609,1084.79,112.3
2017-12-01,1.3116,0.8396,1.451,0.7405,3.2577,1.2705,6.6137,1082.36,111.88
2017-12-04,1.3161,0.844,1.4607,0.7427,3.2498,1.2696,6.6185,1082.36,112.8
2017-12-05,1.3148,0.846,1.4537,0.7435,3.2338,1.269,6.617,1086.85,112.76
2017-12-06,1.3219,0.8483,1.4535,0.7473,3.2394,1.2788,6.6136,1094.55,112.32
2017-12-07,1.3287,0.8482,1.4607,0.7445,3.2993,1.2832,6.6173,1090.68,112.7
2017-12-08,1.3321,0.8503,1.4609,0.7481,3.3075,1.2867,6.6199,1092.03,113.55
2017-12-11,1.3263,0.8473,1.4453,0.7483,3.2883,1.2845,6.6175,1092.03,113.34
2017-12-12,1.3245,0.8529,1.4434,0.7506,3.3298,1.2884,6.621,1090.09,113.62
2017-12-13,1.3149,0.8502,1.431,0.7482,3.3049,1.2872,6.6171,1088.01,113.19
2017-12-14,1.3034,0.849,1.4306,0.744,3.3396,1.2849,6.6091,1088.09,112.56
2017-12-15,1.3079,0.849,1.4282,0.751,3.3166,1.2846,6.6088,1086.39,112.68
2017-12-18,1.3029,0.8472,1.4263,0.7464,3.2821,1.2856,6.6088,1084.28,112.4
2017-12-19,1.3068,0.8459,1.4314,0.7487,3.3008,1.29,6.6088,1084.29,112.98
2017-12-20,1.3033,0.8417,1.4318,0.7458,3.2907,1.2846,6.5771,1078.14,113.29
2017-12-21,1.2982,0.8423,1.4245,0.7478,3.3065,1.2717,6.5833,1078.08,113.42
2017-12-22,1.2965,0.8447,1.4255,0.7474,3.3209,1.2748,6.575,1076.87,113.3
2017-12-25,ND,ND,ND,ND,ND,ND,ND,ND,ND
2017-12-26,1.294,0.8427,1.4217,0.748,3.3173,1.2685,6.5429,1073.75,113.2
2017-12-27,1.2867,0.8402,1.4146,0.7461,3.3016,1.2645,6.556,1073.13,113.28
2017-12-28,1.2832,0.8367,1.4106,0.7435,3.3005,1.2586,6.5322,1068.64,112.85
2017-12-29,1.2796,0.8318,1.4085,0.7392,3.3121,1.2517,6.5063,1067.42,112.69
2018-01-01,ND,ND,ND,ND,ND,ND,ND,ND,ND
2018-01-02,1.2781,0.8299,1.4073,0.7355,3.262,1.2507,6.491,1059.39,112.18
2018-01-03,1.2755,0.8313,1.4077,0.7395,3.2422,1.2534,6.501,1063.11,112.28
2018-01-04,1.2729,0.8289,1.3996,0.7386,3.2274,1.2522,6.4915,1061.5,112.78
2018-01-05,1.2724,0.8306,1.3947,0.7374,3.2285,1.2396,6.4875,1060.07,113.18
2018-01-08,1.2758,0.8352,1.3924,0.7371,3.2308,1.2424,6.497,1066.26,113.08
2018-01-09,1.2784,0.8388,1.3928,0.7398,3.2491,1.2457,6.5263,1068.8,112.57
2018-01-10,1.2753,0.8363,1.3912,0.74,3.2363,1.2485,6.5055,1067.55,111.48
2018-01-11,1.2682,0.8309,1.3805,0.7384,3.2254,1.2526,6.4956,1062.67,111.35
2018-01-12,1.2681,0.8244,1.3814,0.7305,3.2162,1.2517,6.4607,1062.09,111.23
2018-01-15,ND,ND,ND,ND,ND,ND,ND,ND,ND
2018-01-16,1.2566,0.8167,1.3746,0.726,3.2274,1.2422,6.4395,1064.19,110.74
2018-01-17,1.2528,0.8177,1.3714,0.7234,3.2215,1.2443,6.433,1066.72,110.81
2018-01-18,1.2511,0.8171,1.3678,0.72,3.2169,1.2442,6.4175,1069.35,110.88
2018-01-19,1.2498,0.8171,1.3727,0.7217,3.205,1.2456,6.399,1065.81,110.56
2018-01-22,1.2494,0.8177,1.3678,0.7172,3.2024,1.246,6.4035,1068.06,111.15
2018-01-23,1.2525,0.8145,1.3615,0.7159,3.2312,1.2455,6.4,1072.59,110.46
2018-01-24,1.2398,0.8071,1.3501,0.7043,3.1938,1.2357,6.365,1065.39,109.15
2018-01-25,1.2362,0.8008,1.3567,0.7011,3.147,1.2315,6.3189,1057.57,108.7
2018-01-26,1.2338,0.805,1.3609,0.7053,3.1499,1.232,6.3199,1064.12,108.38
2018-01-29,1.2362,0.8096,1.3684,0.7121,3.1634,1.2339,6.3328,1071.28,109.12
2018-01-30,1.2382,0.8071,1.3635,0.708,3.1874,1.234,6.3199,1073.61,108.9
2018-01-31,1.2393,0.8046,1.3565,0.7047,3.1782,1.2293,6.2841,1068.33,109.31
2018-02-01,1.2456,0.8012,1.3517,0.7019,3.1718,1.228,6.2969,1069.33,109.5
2018-02-02,1.2612,0.8035,1.3691,0.7079,3.2205,1.2393,6.2984,1086.21,110.4
2018-02-05,1.2617,0.8053,1.3714,0.7132,3.2365,1.2483,6.285,1086.79,110.09
2018-02-06,1.2695,0.8077,1.3687,0.7168,3.2535,1.2537,6.283,1081.2,109.18
2018-02-07,1.2752,0.8143,1.3734,0.7204,3.262,1.2545,6.2649,1082.56,109.53
2018-02-08,1.2839,0.8171,1.3877,0.7186,3.2895,1.2603,6.3222,1093.04,109
2018-02-09,1.2806,0.8179,1.3789,0.725,3.3083,1.2599,6.2966,1087.99,108.44
2018-02-12,1.2762,0.8152,1.3814,0.7236,3.2949,1.2612,6.325,1082.27,108.72
2018-02-13,1.2728,0.8089,1.3727,0.7198,3.2947,1.26,6.338,1083.07,107.59
2018-02-14,1.2702,0.8067,1.3635,0.7166,3.2551,1.2564,6.3438,1076.71,107
2018-02-15,1.2639,0.8012,1.3546,0.7112,3.2318,1.2517,6.3438,1065.69,106.36
2018-02-16,1.2618,0.8037,1.3517,0.7115,3.2219,1.2532,6.3438,1065.27,106.1
2018-02-19,ND,ND,ND,ND,ND,ND,ND,ND,ND
2018-02-20,1.2653,0.8098,1.3594,0.7132,3.2434,1.2624,6.3351,1072.85,107.23
2018-02-21,1.2767,0.8121,1.3626,0.7171,3.2581,1.2678,6.3351,1076.11,107.64
2018-02-22,1.2739,0.8113,1.3607,0.7174,3.2579,1.2705,6.3471,1077.61,106.96
2018-02-23,1.2776,0.8131,1.3716,0.7154,3.2344,1.2659,6.3329,1075.77,106.64
2018-02-26,1.275,0.8133,1.3682,0.7167,3.2381,1.2691,6.3115,1069,106.96
2018-02-27,1.2814,0.8171,1.3806,0.7191,3.2472,1.2748,6.3169,1077.43,107.47
2018-02-28,1.2819,0.8189,1.3837,0.725,3.2428,1.2806,6.328,1082.12,106.62
2018-03-01,1.2883,0.8186,1.3793,0.727,3.2421,1.284,6.3565,1081.33,106.91
2018-03-02,1.2897,0.8121,1.3824,0.7263,3.2513,1.2882,6.3428,1080.25,105.65
2018-03-05,1.2888,0.811,1.3827,0.7217,3.2527,1.2982,6.3491,1076.75,105.97
2018-03-06,1.2784,0.8055,1.3691,0.7201,3.2191,1.2892,6.3093,1061.53,106.03
2018-03-07,1.2827,0.8066,1.3765,0.72,3.2364,1.2993,6.3225,1067.93,105.94
2018-03-08,1.2842,0.8121,1.3774,0.7234,3.262,1.2936,6.3389,1074.21,106.08
2018-03-09,1.274,0.8113,1.3708,0.7213,3.2469,1.2822,6.3285,1066.59,106.74
2018-03-12,1.2716,0.8118,1.3712,0.7195,3.2609,1.2835,6.327,1063.7,106.52
2018-03-13,1.2689,0.8066,1.3617,0.7149,3.2483,1.2925,6.318,1062.14,106.64
2018-03-14,1.2695,0.8089,1.3644,0.7171,3.2641,1.2946,6.314,1063.38,106.17
2018-03-15,1.2794,0.8116,1.3719,0.7168,3.2841,1.3053,6.3202,1065.89,106.07
2018-03-16,1.2932,0.8143,1.3856,0.7184,3.2897,1.3096,6.33,1068.4,106.1
2018-03-19,1.2979,0.8111,1.3835,0.7127,3.2873,1.3089,6.3291,1072.29,105.83
2018-03-20,1.3002,0.8149,1.3899,0.7136,3.295,1.3083,6.3328,1070.61,106.42
2018-03-21,1.2974,0.8151,1.3928,0.711,3.2865,1.2957,6.32,1070.51,106.3
2018-03-22,1.2994,0.8123,1.385,0.7093,3.3034,1.293,6.331,1079.51,105.34
2018-03-23,1.2952,0.8091,1.3785,0.7067,3.3125,1.287,6.311,1081.29,104.83
2018-03-26,1.2942,0.8039,1.3708,0.7024,3.3043,1.2866,6.2685,1076.87,105
2018-03-27,1.2958,0.8058,1.3721,0.7062,3.3263,1.2841,6.2781,1071.21,105.72
2018-03-28,1.3019,0.8097,1.3806,0.7087,3.337,1.2886,6.2946,1063.03,106.3
2018-03-29,1.3034,0.8132,1.385,0.7128,3.3229,1.2901,6.2876,1060.31,106.27
2018-03-30,1.3004,0.8117,1.3814,0.7129,3.3045,1.2891,6.2726,1060.99,106.2
2018-04-02,1.3058,0.8138,1.3854,0.7127,3.3149,1.2918,6.2785,1056.03,105.99
2018-04-03,1.3031,0.8156,1.3774,0.7108,3.3222,1.28,6.2881,1054.63,106.45
2018-04-04,1.2985,0.8135,1.3704,0.7104,3.3474,1.2801,6.3045,1059.5,106.56
2018-04-05,1.3007,0.8177,1.3751,0.7147,3.3212,1.2777,6.3045,1061.56,107.48
2018-04-06,1.3014,0.8147,1.3749,0.7098,3.3702,1.2763,6.3045,1068.73,107.03
2018-04-09,1.2974,0.8117,1.3661,0.7074,3.395,1.27,6.3035,1067.11,107.06
2018-04-10,1.2883,0.8105,1.358,0.7062,3.4146,1.2609,6.2798,1064.53,107.3
2018-04-11,1.2878,0.8075,1.357,0.7045,3.3955,1.2581,6.2655,1066.76,106.78
2018-04-12,1.2892,0.8117,1.3559,0.702,3.3902,1.2583,6.2876,1069.84,107.3
2018-04-13,1.2873,0.8116,1.3604,0.7015,3.4088,1.2604,6.2725,1070.55,107.52
2018-04-16,1.2858,0.8082,1.3585,0.6977,3.4282,1.258,6.2752,1071.59,107.26
2018-04-17,1.2873,0.81,1.3626,0.6993,3.4022,1.2548,6.2804,1066.56,107.09
2018-04-18,1.2847,0.8078,1.3646,0.7029,3.3844,1.2636,6.2722,1064.51,107.26
2018-04-19,1.2902,0.8106,1.3736,0.7046,3.4028,1.2638,6.2765,1065.68,107.42
2018-04-20,1.3036,0.8142,1.3868,0.7126,3.4121,1.274,6.2945,1071,107.6
2018-04-23,1.3134,0.8186,1.3976,0.7167,3.4463,1.2845,6.3158,1077.72,108.62
2018-04-24,1.3161,0.8179,1.4061,0.7156,3.4685,1.2823,6.3035,1074.8,109.03
2018-04-25,1.3229,0.8212,1.4158,0.7173,3.509,1.2871,6.3236,1082.99,109.33
2018-04-26,1.3228,0.8256,1.4152,0.718,3.4992,1.2867,6.334,1078.2,109.3
2018-04-27,1.3217,0.8259,1.4144,0.7254,3.4685,1.2862,6.3325,1067.59,109.12
2018-04-30,1.3257,0.8282,1.4198,0.7272,3.4854,1.2818,6.3325,1069.07,109.28
2018-05-01,1.3355,0.8333,1.4271,0.7347,3.507,1.2873,6.3325,1071.91,109.69
2018-05-02,1.3332,0.8356,1.4278,0.7348,3.5404,1.2848,6.361,1076.52,109.89
2018-05-03,1.331,0.8354,1.4229,0.737,3.5496,1.2878,6.352,1078.33,109.06
2018-05-04,1.3273,0.8371,1.4251,0.7388,3.5213,1.2848,6.3589,1074.09,109.16
2018-05-07,1.3287,0.8384,1.4231,0.7371,3.5543,1.285,6.364,1079.72,109.14
2018-05-08,1.3432,0.843,1.436,0.7396,3.585,1.2967,6.369,1078.35,109.16
2018-05-09,1.3412,0.8437,1.4314,0.7371,3.5965,1.2852,6.3585,1078.22,109.68
2018-05-10,1.3307,0.8406,1.4397,0.7415,3.5554,1.2787,6.344,1065.41,109.53
2018-05-11,1.3256,0.8368,1.4347,0.7381,3.5879,1.2781,6.3333,1067.14,109.26
2018-05-14,1.3238,0.835,1.4418,0.7356,3.6212,1.2761,6.336,1068.83,109.52
2018-05-15,1.3374,0.8429,1.4541,0.7401,3.6659,1.2868,6.376,1076.46,110.25
2018-05-16,1.3326,0.8483,1.4503,0.7419,3.68,1.2828,6.3706,1076.66,110.22
2018-05-17,1.3319,0.8476,1.4541,0.7404,3.7073,1.2815,6.3645,1082.37,110.76
2018-05-18,1.3314,0.8493,1.4468,0.7421,3.7438,1.2892,6.3768,1080.91,110.71
2018-05-21,1.3219,0.8498,1.443,0.7453,3.7096,1.2835,6.3815,1079.33,111.08
2018-05-22,1.3167,0.8487,1.4407,0.7438,3.6367,1.2775,6.366,1073.3,110.94
2018-05-23,1.3273,0.8552,1.4503,0.7496,3.6411,1.2882,6.3875,1078.88,110.05
2018-05-24,1.3215,0.8526,1.4455,0.7472,3.6402,1.2907,6.3757,1082.77,109.3
2018-05-25,1.3231,0.8572,1.4447,0.7507,3.6586,1.2972,6.3903,1076.35,109.35
2018-05-28,ND,ND,ND,ND,ND,ND,ND,ND,ND
2018-05-29,1.3308,0.8657,1.4461,0.7543,3.7283,1.3027,6.4162,1082.59,108.62
2018-05-30,1.3203,0.8573,1.4298,0.7521,3.7389,1.2842,6.4175,1077.62,109.04
2018-05-31,1.321,0.8569,1.4278,0.7525,3.7262,1.297,6.4096,1080.75,108.73
2018-06-01,1.3217,0.8562,1.4312,0.7486,3.755,1.2948,6.418,1071.27,109.49
2018-06-04,1.3075,0.855,1.4221,0.7511,3.7446,1.2922,6.405,1070.13,109.66
2018-06-05,1.3148,0.8568,1.4255,0.7485,3.778,1.3008,6.4042,1071.86,109.63
2018-06-06,1.3026,0.849,1.4192,0.7447,3.8178,1.2907,6.385,1065.9,110
2018-06-07,1.3106,0.8464,1.4219,0.7448,3.9294,1.2988,6.389,1071.11,109.92
2018-06-08,1.3156,0.8494,1.4213,0.7459,3.7429,1.2956,6.4031,1075,109.45
2018-06-11,1.313,0.8473,1.4205,0.747,3.6839,1.298,6.4,1075.08,109.94
2018-06-12,1.3146,0.848,1.4221,0.7454,3.6745,1.2987,6.3992,1077.14,110.22
2018-06-13,1.3151,0.8486,1.419,0.7475,3.7116,1.2963,6.3944,1082.59,110.41
2018-06-14,1.3308,0.8595,1.4292,0.75,3.7018,1.307,6.398,1084.06,110.44
2018-06-15,1.3414,0.8609,1.4403,0.7528,3.7511,1.3167,6.4379,1101.89,110.58
2018-06-18,1.3479,0.8616,1.4428,0.7549,3.7537,1.3229,6.4379,1105.07,110.44
2018-06-19,1.3539,0.8638,1.4478,0.7592,3.7306,1.3263,6.4802,1110.64,110.02
2018-06-20,1.3537,0.8627,1.4535,0.7568,3.7349,1.3291,6.4713,1107.42,110.14
2018-06-21,1.3561,0.8621,1.455,0.7547,3.7992,1.3319,6.49,1110.01,110.05
2018-06-22,1.347,0.8598,1.4503,0.7543,3.7708,1.3318,6.5027,1114.49,109.98
2018-06-25,1.3503,0.8551,1.4505,0.7534,3.7776,1.3313,6.536,1114.4,109.62
2018-06-26,1.351,0.8565,1.4567,0.7551,3.7705,1.3293,6.5759,1118.08,109.92
2018-06-27,1.3563,0.863,1.4702,0.7611,3.8537,1.33,6.5992,1121.57,110.34
2018-06-28,1.3596,0.8634,1.4795,0.7637,3.8543,1.3253,6.6235,1121.96,110.38
2018-06-29,1.3515,0.8564,1.4765,0.7577,3.8561,1.314,6.6171,1111.79,110.71
2018-07-02,1.3657,0.8618,1.4921,0.7614,3.9135,1.3213,6.6632,1119.31,110.73
2018-07-03,1.3541,0.8581,1.4813,0.7591,3.8789,1.315,6.6368,1114.41,110.54
2018-07-04,ND,ND,ND,ND,ND,ND,ND,ND,ND
2018-07-05,1.3535,0.8549,1.4728,0.756,3.9242,1.3121,6.6341,1118.2,110.59
2018-07-06,1.3475,0.8519,1.4643,0.754,3.906,1.309,6.6396,1114.98,110.48
2018-07-09,1.3394,0.8515,1.4624,0.7575,3.8694,1.3111,6.6123,1111.38,110.78
2018-07-10,1.3398,0.8527,1.4628,0.7538,3.826,1.312,6.6296,1113.81,111.24
2018-07-11,1.3514,0.8531,1.4736,0.7552,3.8624,1.3127,6.6764,1122.1,111.52
2018-07-12,1.3481,0.8553,1.4743,0.7554,3.8478,1.3158,6.663,1121.38,112.41
2018-07-13,1.3495,0.8571,1.4793,0.7567,3.8659,1.3168,6.69,1130.3,112.38
2018-07-16,1.3484,0.854,1.4769,0.7555,3.8534,1.3131,6.6866,1127.81,112.29
2018-07-17,1.3528,0.8573,1.4728,0.7598,3.8626,1.3198,6.7018,1125.63,112.79
2018-07-18,1.3528,0.8587,1.4728,0.7663,3.8412,1.3203,6.7161,1130.76,112.82
2018-07-19,1.3639,0.8618,1.4885,0.77,3.8808,1.3271,6.7701,1136.38,112.98
2018-07-20,1.3495,0.8541,1.4702,0.7625,3.7801,1.3155,6.7659,1128.16,111.74
2018-07-23,1.3545,0.8546,1.4736,0.7631,3.7965,1.315,6.7927,1134.45,111.36
2018-07-24,1.3484,0.8559,1.4704,0.7613,3.7381,1.3165,6.7912,1127.39,111.27
2018-07-25,1.3492,0.8564,1.4693,0.7605,3.7075,1.3104,6.7658,1122.59,111.02
2018-07-26,1.3543,0.8581,1.4725,0.7623,3.7285,1.308,6.7865,1121.72,111.2
2018-07-27,1.3495,0.8576,1.4708,0.7623,3.7134,1.3057,6.8097,1115.77,110.94
2018-07-30,1.3499,0.8534,1.4643,0.761,3.7228,1.3013,6.8102,1116.98,110.98
2018-07-31,1.3444,0.8543,1.468,0.7619,3.745,1.3017,6.8038,1112.75,111.88
2018-08-01,1.351,0.8572,1.4717,0.7622,3.753,1.3006,6.8154,1118.15,111.72
2018-08-02,1.3552,0.8612,1.4802,0.7672,3.7555,1.3004,6.838,1126.91,111.48
2018-08-03,1.3503,0.8623,1.4799,0.768,3.7133,1.2975,6.8309,1122.68,111.12
2018-08-06,1.3526,0.8648,1.4846,0.7724,3.7208,1.2997,6.85,1125.9,111.43
2018-08-07,1.3463,0.8623,1.4835,0.7718,3.7128,1.3017,6.828,1118,111.19
2018-08-08,1.3477,0.8622,1.4832,0.7764,3.7442,1.3061,6.8344,1119.01,110.96
2018-08-09,1.3524,0.8646,1.5097,0.777,3.8164,1.3046,6.8199,1119,110.9
2018-08-10,1.3702,0.8773,1.5147,0.7831,3.8539,1.3126,6.8458,1130.19,110.66
2018-08-13,1.3755,0.8775,1.5188,0.7839,3.9123,1.3138,6.888,1133.19,110.65
2018-08-14,1.3812,0.881,1.5181,0.7851,3.8852,1.3107,6.8809,1128.9,110.92
2018-08-15,1.3826,0.8825,1.5249,0.7883,3.9135,1.3155,6.933,1135.3,110.62
2018-08-16,1.3744,0.8781,1.5158,0.786,3.8985,1.3144,6.8792,1125.35,110.89
2018-08-17,1.3732,0.8764,1.5133,0.7852,3.9385,1.308,6.874,1123.2,110.54
2018-08-20,1.3684,0.8743,1.5108,0.7834,3.9473,1.3085,6.8546,1121.3,110.38
2018-08-21,1.3602,0.867,1.4981,0.7776,3.9948,1.3048,6.8444,1117.41,110.48
2018-08-22,1.3602,0.8624,1.4928,0.7746,4.0751,1.3014,6.84,1117,110.54
2018-08-23,1.3767,0.8645,1.5033,0.7794,4.0898,1.3057,6.8748,1123.37,111.14
2018-08-24,1.3639,0.8602,1.4943,0.7777,4.0944,1.3022,6.803,1113.3,111.22
2018-08-27,1.3613,0.8565,1.4939,0.7757,4.0707,1.2966,6.8145,1107.69,111.09
2018-08-28,1.3602,0.8532,1.4883,0.776,4.1248,1.2925,6.8018,1105.14,111.04
2018-08-29,1.3714,0.8548,1.4923,0.7689,4.122,1.2941,6.819,1109.2,111.8
2018-08-30,1.377,0.8587,1.506,0.7694,4.2016,1.2991,6.8415,1113.13,111.17
2018-08-31,1.3904,0.8624,1.5119,0.7714,4.128,1.3072,6.83,1116.5,110.98
2018-09-03,ND,ND,ND,ND,ND,ND,ND,ND,ND
2018-09-04,1.3939,0.8646,1.5272,0.7792,4.156,1.3182,6.8427,1117.5,111.44
2018-09-05,1.391,0.8606,1.5195,0.775,4.1589,1.3191,6.827,1121,111.47
2018-09-06,1.3893,0.8603,1.5161,0.7732,4.1462,1.3212,6.8322,1122.4,110.87
2018-09-07,1.4015,0.8642,1.527,0.7732,4.0594,1.317,6.8419,1123.5,111.18
2018-09-10,1.4049,0.8618,1.5298,0.7677,4.1094,1.3159,6.8545,1127.9,111.09
2018-09-11,1.4071,0.8627,1.5356,0.7683,4.1564,1.3131,6.8704,1126.17,111.54
2018-09-12,1.3965,0.8601,1.5258,0.7675,4.1363,1.3005,6.8574,1121.62,111.29
2018-09-13,1.3904,0.8568,1.5237,0.7631,4.1752,1.3005,6.8407,1120.9,111.92
2018-09-14,1.3931,0.8579,1.5237,0.7643,4.1852,1.3029,6.8673,1119,112.09
2018-09-17,1.3916,0.8557,1.5186,0.7607,4.1718,1.3017,6.854,1124.71,111.97
2018-09-18,1.385,0.8552,1.5175,0.76,4.1277,1.2977,6.8591,1122.18,112.3
2018-09-19,1.3749,0.8558,1.5106,0.7598,4.116,1.2939,6.8466,1120.61,112.21
2018-09-20,1.3744,0.8515,1.4984,0.7555,4.0834,1.2918,6.8455,1119.58,112.58
2018-09-21,1.374,0.8519,1.4972,0.7653,4.0536,1.2912,6.8559,1114.3,112.62
2018-09-24,1.3768,0.8494,1.5033,0.7617,4.0733,1.2934,6.8559,1119.28,112.62
2018-09-25,1.3791,0.8496,1.5035,0.7598,4.1186,1.2944,6.8632,1118.12,112.88
2018-09-26,1.3774,0.8505,1.5022,0.7586,4.0425,1.2963,6.8763,1114.64,112.92
2018-09-27,1.3854,0.8569,1.5097,0.7631,3.9968,1.3036,6.888,1113.41,113.38
2018-09-28,1.3816,0.8604,1.5072,0.7661,3.9995,1.2922,6.868,1109.76,113.48
2018-10-01,1.3845,0.8645,1.5122,0.7673,4.1959,1.2799,6.868,1112.53,113.96
2018-10-02,1.3891,0.8651,1.5138,0.7702,3.9223,1.2815,6.868,1112.43,113.66
2018-10-03,1.401,0.8677,1.5288,0.7696,3.8806,1.2826,6.868,1121.42,114.19
2018-10-04,1.4128,0.869,1.5411,0.7684,3.9229,1.2903,6.868,1130.78,113.79
2018-10-05,1.4188,0.8694,1.553,0.7633,3.8808,1.2948,6.868,1131.25,113.56
2018-10-08,ND,ND,ND,ND,ND,ND,ND,ND,ND
2018-10-09,1.41,0.8709,1.548,0.7611,3.732,1.2959,6.9217,1132.87,113.13
2018-10-10,1.4085,0.8665,1.5439,0.7572,3.7594,1.2985,6.9224,1138.9,112.71
2018-10-11,1.4061,0.8647,1.5344,0.758,3.7591,1.3037,6.888,1134.16,112.26
2018-10-12,1.4053,0.8651,1.5359,0.7602,3.7825,1.3023,6.9182,1130.82,112.02
2018-10-15,1.4002,0.8625,1.5263,0.7594,3.7214,1.2966,6.9131,1129.3,111.82
2018-10-16,1.4006,0.8626,1.5168,0.757,3.7177,1.2935,6.9102,1123.88,112.16
2018-10-17,1.4025,0.8666,1.5205,0.7612,3.6813,1.2985,6.9263,1126.2,112.21
2018-10-18,1.4049,0.87,1.5249,0.7656,3.705,1.3059,6.9367,1138.06,112.11
2018-10-19,1.4021,0.8686,1.5163,0.7666,3.7121,1.3101,6.9291,1131.13,112.52
2018-10-22,1.4112,0.8721,1.5267,0.7708,3.685,1.3104,6.9446,1132.7,112.78
2018-10-23,1.4136,0.8711,1.526,0.7703,3.704,1.3101,6.9373,1137.53,112.12
2018-10-24,1.414,0.878,1.5326,0.7753,3.7188,1.2994,6.942,1136.66,112.58
2018-10-25,1.4116,0.8792,1.533,0.7796,3.6887,1.3066,6.9477,1134.9,112.54
2018-10-26,1.4108,0.8781,1.5337,0.7797,3.6695,1.31,6.9425,1141.74,111.65
2018-10-29,1.4136,0.878,1.5312,0.7808,3.667,1.3129,6.9605,1139.81,112.49
2018-10-30,1.4061,0.88,1.5239,0.7855,3.7156,1.3133,6.9663,1137.68,112.76
2018-10-31,1.4104,0.8825,1.5314,0.7825,3.7129,1.3129,6.9737,1140.78,112.86
2018-11-01,1.391,0.8775,1.5056,0.7708,3.699,1.3108,6.9205,1126.19,112.79
2018-11-02,1.3891,0.8789,1.5026,0.7713,3.6965,1.3108,6.8894,1117.72,113.09
2018-11-05,1.3893,0.8777,1.5015,0.768,3.7155,1.3098,6.9249,1122.13,113.22
2018-11-06,1.3848,0.8763,1.4988,0.7648,3.7509,1.3132,6.9172,1121.31,113.38
2018-11-07,1.3732,0.8727,1.4728,0.7608,3.7595,1.3108,6.9174,1117.52,113.32
2018-11-08,1.3725,0.876,1.4749,0.7624,3.7563,1.3115,6.9318,1118.99,113.87
2018-11-09,1.3839,0.883,1.4848,0.7705,3.751,1.323,6.9553,1131.4,113.77
2018-11-12,ND,ND,ND,ND,ND,ND,ND,ND,ND
2018-11-13,1.385,0.8859,1.478,0.7674,3.7983,1.3223,6.9546,1132.29,113.97
2018-11-14,1.3852,0.884,1.4719,0.7686,3.7831,1.3237,6.95,1132.1,113.7
2018-11-15,1.3757,0.8831,1.4656,0.7844,3.784,1.3193,6.938,1127.2,113.46
2018-11-16,1.3676,0.877,1.4575,0.7789,3.7424,1.3174,6.9367,1124.81,112.76
2018-11-19,1.3716,0.8735,1.4631,0.7787,3.7671,1.3187,6.9398,1126.08,112.54
2018-11-20,1.3801,0.8779,1.4661,0.7807,3.7567,1.3245,6.9448,1128.53,112.66
2018-11-21,1.3761,0.8777,1.4622,0.7827,3.779,1.3274,6.9248,1127.3,113.06
2018-11-22,ND,ND,ND,ND,ND,ND,ND,ND,ND
2018-11-23,1.3841,0.8825,1.4762,0.781,3.8205,1.3226,6.9477,1130.9,112.83
2018-11-26,1.3831,0.8821,1.4738,0.7807,3.879,1.3237,6.9397,1126.69,113.58
2018-11-27,1.3877,0.8864,1.4756,0.7856,3.8919,1.3313,6.9498,1129.41,113.84
2018-11-28,1.3826,0.8861,1.4712,0.7833,3.8766,1.3328,6.9534,1127.81,113.96
2018-11-29,1.3672,0.8786,1.4584,0.7819,3.8546,1.3278,6.9419,1119.91,113.42
2018-11-30,1.3678,0.8832,1.4535,0.783,3.8571,1.3282,6.9558,1118.61,113.54
2018-12-03,1.3587,0.8806,1.4424,0.7848,3.8353,1.319,6.8798,1110.2,113.54
2018-12-04,1.36,0.8814,1.4413,0.7862,3.8368,1.3202,6.8343,1108.82,112.93
2018-12-05,ND,ND,ND,ND,ND,ND,ND,ND,ND
2018-12-06,1.3858,0.8792,1.4545,0.7827,3.9027,1.3417,6.8816,1122.07,112.46
2018-12-07,1.387,0.878,1.4579,0.7844,3.8768,1.3302,6.8733,1121.8,112.6
2018-12-10,1.3908,0.8797,1.4539,0.7963,3.9298,1.3385,6.9077,1128.3,112.96
2018-12-11,1.3881,0.8839,1.4533,0.7985,3.9165,1.3408,6.8968,1128.6,113.41
2018-12-12,1.3845,0.8801,1.4586,0.79,3.849,1.3336,6.8778,1124.51,113.28
2018-12-13,1.3835,0.8804,1.4577,0.7915,3.8856,1.3349,6.8798,1124.73,113.66
2018-12-14,1.3935,0.885,1.4693,0.7955,3.897,1.3387,6.905,1133.2,113.35
2018-12-17,1.3924,0.8819,1.4699,0.7933,3.8922,1.339,6.8962,1130.17,112.96
2018-12-18,1.3943,0.88,1.4596,0.7909,3.9072,1.3466,6.8939,1127.76,112.54
2018-12-19,1.3943,0.8755,1.4594,0.7893,3.8737,1.3434,6.8918,1120.96,112.15
2018-12-20,1.4077,0.8747,1.4778,0.7905,3.85,1.3515,6.8834,1123.87,111.34
2018-12-21,1.414,0.877,1.4868,0.7886,3.8815,1.357,6.9048,1125.3,111.14
2018-12-24,ND,ND,ND,ND,ND,ND,ND,ND,ND
2018-12-25,ND,ND,ND,ND,ND,ND,ND,ND,ND
2018-12-26,1.4144,0.8766,1.4826,0.7889,3.9253,1.3576,6.8847,1124.23,110.45
2018-12-27,1.4245,0.8763,1.493,0.792,3.8895,1.365,6.8649,1121.37,110.78
2018-12-28,1.4196,0.8737,1.4916,0.7875,3.8711,1.3629,6.8755,1114.9,110.34
2018-12-31,1.4192,0.8729,1.4901,0.7835,3.8804,1.3644,6.8755,1112.85,109.7
2019-01-01,ND,ND,ND,ND,ND,ND,ND,ND,ND
2019-01-02,1.4286,0.8805,1.4997,0.7938,3.8123,1.3591,6.8597,1119.11,109.22
2019-01-03,1.4257,0.8773,1.4954,0.7916,3.7429,1.3484,6.8708,1124.64,108.07
2019-01-04,1.4069,0.8764,1.483,0.7849,3.7149,1.3399,6.8663,1116.73,108.29
2019-01-07,1.4,0.872,1.4789,0.7839,3.71,1.3297,6.8501,1117.5,108.62
2019-01-08,1.4017,0.8738,1.4874,0.7859,3.7204,1.3307,6.8519,1122.93,108.57
2019-01-09,1.3943,0.8678,1.4719,0.7835,3.6832,1.3212,6.8117,1117.7,108.38
2019-01-10,1.3908,0.8683,1.4728,0.7832,3.6915,1.3232,6.7875,1116.1,108.29
2019-01-11,1.3881,0.8712,1.465,0.7791,3.7073,1.3256,6.7596,1117.18,108.34
2019-01-14,ND,ND,ND,ND,ND,ND,ND,ND,ND
2019-01-15,1.3904,0.8778,1.468,0.7836,3.7162,1.3272,6.7595,1122.59,108.72
2019-01-16,1.392,0.8766,1.4734,0.7775,3.7284,1.3243,6.7532,1119.1,108.84
2019-01-17,1.3945,0.8783,1.4821,0.7728,3.7561,1.3296,6.7735,1123.34,109.01
2019-01-18,1.3943,0.8801,1.4813,0.7753,3.7658,1.3262,6.7765,1122.8,109.79
2019-01-21,ND,ND,ND,ND,ND,ND,ND,ND,ND
2019-01-22,1.4019,0.8804,1.4861,0.7719,3.7811,1.3333,6.8072,1129.52,109.34
2019-01-23,1.4019,0.878,1.473,0.7649,3.7987,1.3362,6.7897,1127.89,109.44
2019-01-24,1.4092,0.8832,1.4775,0.7676,3.7486,1.3342,6.7835,1126.33,109.72
2019-01-25,1.3943,0.8767,1.4622,0.759,3.77,1.3259,6.7448,1117.58,109.6
2019-01-28,1.3955,0.8743,1.4633,0.76,3.7628,1.3269,6.7437,1118.7,109.2
2019-01-29,1.3988,0.8754,1.4641,0.7607,3.7288,1.3264,6.7304,1117.75,109.36
2019-01-30,1.3897,0.8758,1.4626,0.7656,3.7222,1.3189,6.7115,1117.29,109.57
2019-01-31,1.3732,0.8731,1.4445,0.7613,3.6501,1.314,6.6958,1111.82,108.84
2019-02-01,1.3774,0.8715,1.4478,0.7637,3.6552,1.3095,6.7426,1118.31,109.55
2019-02-04,1.3854,0.8743,1.4531,0.7652,3.6676,1.3127,6.7426,1119.15,109.96
2019-02-05,1.3824,0.8767,1.4512,0.7724,3.6798,1.3132,6.7426,1117.2,109.99
2019-02-06,1.4029,0.8787,1.4613,0.7718,3.7015,1.3192,6.7426,1119.35,109.75
2019-02-07,1.4098,0.8805,1.4799,0.7712,3.7232,1.3296,6.7426,1124.11,109.7
2019-02-08,1.4104,0.8829,1.4804,0.7732,3.7363,1.3277,6.7426,1123.14,109.76
2019-02-11,1.4154,0.8868,1.4854,0.7775,3.765,1.3296,6.7907,1126.05,110.4
2019-02-12,1.4096,0.8837,1.4837,0.776,3.7131,1.3244,6.7726,1122.27,110.5
2019-02-13,1.4059,0.8859,1.4669,0.7773,3.7485,1.3222,6.7598,1123.32,110.86
2019-02-14,1.4102,0.8862,1.4643,0.7817,3.7462,1.3307,6.7711,1128,110.68
2019-02-15,1.4041,0.8875,1.4586,0.7778,3.71,1.3272,6.768,1125.59,110.54
2019-02-18,ND,ND,ND,ND,ND,ND,ND,ND,ND
2019-02-19,1.3994,0.8828,1.459,0.7671,3.7145,1.3248,6.756,1124.54,110.68
2019-02-20,ND,ND,ND,ND,ND,ND,ND,ND,ND
2019-02-21,1.4124,0.882,1.4695,0.7657,3.7636,1.3192,6.7195,1125.53,110.72
2019-02-22,1.401,0.8817,1.4618,0.7653,3.7376,1.3188,6.7112,1121.07,110.7
2019-02-25,1.3949,0.8814,1.4524,0.7658,3.7305,1.3183,6.6844,1116.1,111.07
2019-02-26,1.3924,0.8792,1.4512,0.7546,3.7604,1.3175,6.698,1116.88,110.76
2019-02-27,1.4017,0.8795,1.4618,0.7509,3.7375,1.3145,6.6822,1117.74,110.92
2019-02-28,1.4086,0.8788,1.4689,0.7534,3.7493,1.3166,6.6912,1124.65,111.38
2019-03-01,1.4124,0.879,1.4693,0.7563,3.7852,1.3277,6.7048,1126.76,111.89
2019-03-04,1.4116,0.8828,1.4693,0.7584,3.775,1.3329,6.7045,1126.73,111.68
2019-03-05,1.4138,0.885,1.4734,0.761,3.775,1.3352,6.706,1126.46,111.98
2019-03-06,1.4239,0.8834,1.476,0.7606,3.8152,1.3445,6.7099,1127.18,111.66
2019-03-07,1.4221,0.8917,1.4769,0.763,3.8836,1.342,6.7132,1133.18,111.6
2019-03-08,1.4188,0.8894,1.4691,0.7686,3.8639,1.3426,6.7201,1131.74,111.11
2019-03-11,1.4172,0.8908,1.4646,0.7637,3.8435,1.3418,6.7215,1133.05,111.21
2019-03-12,1.412,0.8868,1.4567,0.7633,3.809,1.338,6.707,1127.89,111.38
2019-03-13,1.411,0.8842,1.4582,0.7559,3.8249,1.3318,6.7064,1130.47,111.23
2019-03-14,1.4162,0.8846,1.4658,0.753,3.834,1.3316,6.7209,1135.05,111.71
2019-03-15,1.4106,0.8829,1.4599,0.7531,3.814,1.3337,6.7129,1134.44,111.57
2019-03-18,1.4085,0.8821,1.4586,0.7563,3.8097,1.3342,6.7121,1131.74,111.41
2019-03-19,1.4081,0.8814,1.4565,0.754,3.767,1.3294,6.7106,1129,111.38
2019-03-20,1.4108,0.8809,1.4603,0.7581,3.7856,1.3327,6.6916,1128.25,111.41
2019-03-21,1.4065,0.8802,1.4545,0.7649,3.8176,1.3369,6.6952,1128.4,110.86
2019-03-22,1.4102,0.8864,1.4518,0.7565,3.8942,1.3406,6.7162,1136.8,109.76
2019-03-25,1.4057,0.8831,1.4459,0.7574,3.864,1.3418,6.7079,1131.88,110.09
2019-03-26,1.4006,0.8865,1.4468,0.7567,3.876,1.3389,6.7145,1133.55,110.5
2019-03-27,1.4144,0.8889,1.4725,0.758,3.9602,1.3434,6.7262,1138.09,110.38
2019-03-28,1.4126,0.89,1.4719,0.7641,3.9689,1.3424,6.7381,1136.65,110.54
2019-03-29,1.4077,0.8906,1.4663,0.7673,3.8892,1.336,6.7112,1136.3,110.68
2019-04-01,1.4051,0.8921,1.4678,0.7608,3.8699,1.3344,6.7102,1133,111.29
2019-04-02,1.4168,0.894,1.483,0.7672,3.8647,1.3357,6.7223,1137.16,111.32
2019-04-03,1.4037,0.8895,1.4721,0.7587,3.8437,1.3315,6.7098,1134.29,111.48
2019-04-04,1.4061,0.8916,1.4802,0.765,3.8703,1.3357,6.7167,1136.05,111.55
2019-04-05,1.4086,0.8915,1.487,0.7686,3.8627,1.3387,6.7182,1136.87,111.71
2019-04-08,1.4037,0.8879,1.4832,0.7664,3.8569,1.3316,6.7158,1143.25,111.47
2019-04-09,1.4027,0.8867,1.4826,0.7664,3.8531,1.332,6.7111,1140.25,111.08
2019-04-10,1.397,0.8876,1.4802,0.7634,3.8269,1.3322,6.7153,1137.26,110.92
2019-04-11,1.4029,0.8879,1.4861,0.7652,3.8509,1.3379,6.7188,1140.73,111.48
2019-04-12,1.3935,0.8846,1.4773,0.7642,3.8711,1.3332,6.7039,1133,112
2019-04-15,1.3931,0.8846,1.4784,0.7631,3.8717,1.3372,6.7072,1133.6,112
2019-04-16,1.3939,0.8855,1.4791,0.7663,3.8972,1.335,6.7112,1136.13,111.95
2019-04-17,1.3951,0.8852,1.4901,0.7671,3.9381,1.3345,6.687,1131.7,112
2019-04-18,1.3986,0.8896,1.4972,0.7691,3.9302,1.3372,6.7081,1136.2,111.94
2019-04-19,1.3986,0.8892,1.4945,0.7691,3.9311,1.3386,6.7032,1135.4,111.92
2019-04-22,1.4017,0.8883,1.4977,0.7702,3.9281,1.3352,6.7112,1140.52,111.94
2019-04-23,1.4092,0.8918,1.5042,0.7726,3.9418,1.342,6.7249,1143.22,111.86
2019-04-24,1.4233,0.8935,1.5138,0.7724,3.9758,1.3465,6.7207,1155.65,111.81
2019-04-25,1.4265,0.8977,1.5115,0.7751,3.9635,1.3494,6.7418,1160.15,111.59
2019-04-26,1.4196,0.8965,1.4993,0.7734,3.9227,1.3459,6.7282,1158.1,111.6
2019-04-29,1.4176,0.8956,1.5004,0.7738,3.9362,1.3448,6.7332,1160,111.8
2019-04-30,1.4205,0.8928,1.4993,0.7675,3.9367,1.3427,6.7347,1165.1,111.4
2019-05-01,1.4209,0.8892,1.5033,0.7639,3.9195,1.3417,6.7319,1161.61,111.18
2019-05-02,1.4282,0.8941,1.511,0.7673,3.9644,1.3468,6.7337,1166.62,111.39
2019-05-03,1.4249,0.894,1.5056,0.7611,3.9366,1.3425,6.7337,1165.95,111.28
2019-05-06,1.4296,0.8931,1.5138,0.7638,3.9534,1.3446,6.7602,1169.2,110.86
2019-05-07,1.4278,0.8946,1.5168,0.7662,3.9847,1.3472,6.7755,1172.5,110.34
2019-05-08,1.4278,0.8924,1.5181,0.7684,3.929,1.3458,6.7818,1170.2,110.12
2019-05-09,1.4335,0.8906,1.5188,0.7685,3.9646,1.349,6.8256,1183.1,109.55
2019-05-10,1.429,0.8896,1.5152,0.7671,3.9614,1.3428,6.8217,1176.62,109.56
2019-05-13,1.4393,0.8903,1.5216,0.7715,3.9778,1.3467,6.8765,1186.94,109.18
2019-05-14,1.4397,0.8923,1.5205,0.7739,3.9737,1.3466,6.8737,1186.94,109.68
2019-05-15,1.443,0.8922,1.5239,0.7765,3.9845,1.3432,6.8742,1188.74,109.58
2019-05-16,1.4482,0.8946,1.5267,0.7811,4.1961,1.3433,6.8832,1190.52,109.89
2019-05-17,1.4548,0.8956,1.5333,0.786,4.0909,1.3477,6.9182,1195.07,109.9
2019-05-20,1.4465,0.8953,1.5298,0.7863,4.1133,1.3432,6.9111,1193.81,109.96
2019-05-21,1.4543,0.8962,1.537,0.7845,4.0678,1.3425,6.9007,1194.31,110.6
2019-05-22,1.4535,0.8964,1.5392,0.789,4.0245,1.3417,6.9054,1194.36,110.28
2019-05-23,1.4501,0.8951,1.5335,0.7895,4.0329,1.3471,6.9087,1189.31,109.58
2019-05-24,1.4463,0.8931,1.5272,0.7874,4.0251,1.3454,6.8997,1186.2,109.38
2019-05-27,ND,ND,ND,ND,ND,ND,ND,ND,ND
2019-05-28,1.443,0.8947,1.527,0.7894,4.0215,1.3473,6.9078,1186.66,109.49
2019-05-29,1.4468,0.898,1.5359,0.7917,3.9937,1.3533,6.9138,1186.66,109.24
2019-05-30,1.4472,0.8977,1.5368,0.7925,3.9658,1.3508,6.9011,1189.14,109.67
2019-05-31,1.443,0.8969,1.5326,0.7924,3.9216,1.3523,6.9027,1190.5,108.66
2019-06-03,1.4378,0.8924,1.5209,0.7923,3.8918,1.3471,6.9028,1180.97,108.39
2019-06-04,1.4312,0.89,1.5158,0.789,3.8593,1.3417,6.9072,1180.58,108.3
2019-06-05,1.4339,0.8895,1.5097,0.787,3.8655,1.3409,6.9084,1178.24,108.2
2019-06-06,1.4318,0.8854,1.5063,0.7866,3.874,1.3374,6.9082,1179.51,108.08
2019-06-07,1.4282,0.8831,1.5006,0.7849,3.8616,1.3287,6.9057,1181.27,108.15
2019-06-10,1.436,0.8841,1.5117,0.7884,3.8708,1.3259,6.9298,1185.01,108.56
2019-06-11,1.4376,0.8837,1.5195,0.7859,3.8593,1.3291,6.9107,1178.88,108.52
2019-06-12,1.4405,0.8842,1.5198,0.7878,3.836,1.3298,6.9161,1182.82,108.42
2019-06-13,1.4472,0.8869,1.5232,0.7888,3.8456,1.333,6.9212,1183.23,108.44
2019-06-14,1.4552,0.8915,1.538,0.7936,3.8936,1.3382,6.9247,1184.7,108.44
2019-06-17,1.4577,0.8901,1.5375,0.7957,3.8858,1.3398,6.9251,1186.53,108.56
2019-06-18,1.4552,0.8932,1.5319,0.797,3.8549,1.3396,6.9002,1185.37,108.39
2019-06-19,1.4556,0.8917,1.5326,0.7921,3.8731,1.3362,6.8996,1185.37,108.36
2019-06-20,1.4457,0.8862,1.5188,0.7874,3.8386,1.3208,6.851,1159.05,107.52
2019-06-21,1.4451,0.8828,1.5216,0.7872,3.8212,1.3217,6.8686,1163.25,107.55
2019-06-24,1.436,0.8777,1.5106,0.7857,3.8265,1.3196,6.8758,1156.14,107.36
2019-06-25,1.4337,0.8783,1.5026,0.7861,3.8312,1.3164,6.8791,1155.97,106.92
2019-06-26,1.4306,0.878,1.4943,0.7876,3.8355,1.3109,6.8781,1156.36,107.64
2019-06-27,1.429,0.8794,1.4928,0.789,3.8604,1.3115,6.8762,1157.86,107.73
2019-06-28,1.4267,0.8792,1.4901,0.7872,3.829,1.3091,6.865,1154.58,107.84
2019-07-01,1.4362,0.8844,1.4981,0.7909,3.8217,1.3124,6.8487,1158.5,108.42
2019-07-02,1.4302,0.8849,1.4984,0.7937,3.8613,1.3117,6.8717,1166.31,107.98
2019-07-03,1.4219,0.8869,1.4905,0.7957,3.8421,1.307,6.8806,1171.14,107.84
2019-07-04,ND,ND,ND,ND,ND,ND,ND,ND,ND
2019-07-05,1.4351,0.8916,1.5113,0.7996,3.8178,1.3108,6.8925,1170.26,108.55
2019-07-08,1.4351,0.8922,1.5097,0.7998,3.8045,1.3088,6.8808,1181.31,108.72
2019-07-09,1.4436,0.8921,1.5133,0.8024,3.8045,1.3123,6.8866,1180.2,108.78
2019-07-10,1.436,0.8881,1.5033,0.7996,3.7646,1.3099,6.8705,1181.58,108.44
2019-07-11,1.4323,0.888,1.4988,0.7969,3.7577,1.3071,6.8682,1173.35,108.29
2019-07-12,1.4271,0.8886,1.4968,0.7966,3.7429,1.3042,6.8796,1178.71,108
2019-07-15,1.4213,0.8881,1.4883,0.7985,3.749,1.3036,6.8769,1179.04,107.89
2019-07-16,1.4245,0.8919,1.4916,0.8059,3.7607,1.3043,6.8753,1177.31,108.35
2019-07-17,1.4243,0.8903,1.4828,0.804,3.7611,1.3041,6.8731,1181.09,108.1
2019-07-18,1.4198,0.8906,1.4802,0.8004,3.7443,1.309,6.8788,1178.29,107.74
2019-07-19,1.4201,0.8913,1.4769,0.8,3.7406,1.3081,6.8812,1173.92,107.78
2019-07-22,1.4201,0.8917,1.476,0.8016,3.735,1.3115,6.8803,1178.17,107.91
2019-07-23,1.4288,0.8964,1.4908,0.8033,3.768,1.3138,6.8787,1178.72,108.06
2019-07-24,1.4331,0.8976,1.4899,0.8001,3.761,1.3134,6.8717,1177.54,108.08
2019-07-25,1.438,0.8964,1.4997,0.8019,3.788,1.3145,6.8714,1181.17,108.58
2019-07-26,1.4476,0.8992,1.5078,0.8073,3.7714,1.3187,6.8785,1184.51,108.69
2019-07-29,1.4476,0.8975,1.5078,0.8173,3.7873,1.3151,6.8927,1183.36,108.86
2019-07-30,1.4552,0.897,1.5131,0.8232,3.7867,1.3169,6.8833,1181.94,108.66
2019-07-31,1.4518,0.8985,1.5156,0.8183,3.7571,1.3143,6.8833,1182.74,108.58
2019-08-01,1.4582,0.904,1.5235,0.8234,3.8366,1.3202,6.8972,1187,108.28
2019-08-02,1.4693,0.8999,1.5274,0.8243,3.8789,1.3217,6.9387,1196.59,106.64
2019-08-05,1.4749,0.8931,1.5293,0.822,3.9423,1.3196,7.0481,1215.5,106.02
2019-08-06,1.4771,0.8932,1.5316,0.8231,3.974,1.3252,7.0192,1214.83,106.45
2019-08-07,1.4806,0.89,1.5477,0.8225,3.9863,1.333,7.0592,1214.46,105.62
2019-08-08,1.468,0.8921,1.5427,0.8239,3.9349,1.3241,7.044,1208.77,106.04
2019-08-09,1.4715,0.8911,1.5434,0.8275,3.9385,1.3226,7.0613,1214.15,105.3
2019-08-12,1.4802,0.8919,1.5487,0.8285,3.9862,1.3232,7.0578,1215.7,105.38
2019-08-13,1.471,0.8943,1.5487,0.8287,3.9531,1.3221,7.0423,1220.7,106.6
2019-08-14,1.4832,0.8973,1.5564,0.8286,4.0143,1.332,7.0224,1212.44,105.79
2019-08-15,1.4741,0.9004,1.5513,0.8256,04.01,1.3322,7.0327,1214.34,106.12
2019-08-16,1.4745,0.9016,1.5552,0.8229,3.9926,1.328,7.0413,1205.75,106.34
2019-08-19,1.4767,0.9012,1.5576,0.8239,4.0344,1.3306,7.0499,1210.6,106.5
2019-08-20,1.4756,0.9016,1.5586,0.8228,4.0409,1.3331,7.0597,1207.93,106.35
2019-08-21,1.4723,0.9011,1.5601,0.8236,4.0188,1.3275,7.0623,1202,106.52
2019-08-22,1.4784,0.9018,1.5676,0.8163,4.0558,1.3295,7.0829,1206.96,106.44
2019-08-23,1.4817,0.897,1.5637,0.8156,4.1114,1.3319,7.0928,1210.5,105.3
2019-08-26,1.4745,0.8999,1.5635,0.8175,4.1528,1.3282,7.1503,1217.51,106
2019-08-27,1.4797,0.9014,1.5708,0.8138,4.1813,1.3274,7.1603,1211.38,105.8
2019-08-28,1.4824,0.9022,1.578,0.8165,4.1553,1.3299,7.1628,1213.75,105.86
2019-08-29,1.485,0.9042,1.5828,0.8199,4.1595,1.3299,7.1434,1216.14,106.5
2019-08-30,1.4859,0.91,1.5876,0.822,4.1254,1.329,7.1543,1211.32,106.3
2019-09-02,ND,ND,ND,ND,ND,ND,ND,ND,ND
2019-09-03,1.4797,0.9117,1.5808,0.8274,4.1726,1.3332,7.1786,1212.44,105.88
2019-09-04,1.4715,0.907,1.5738,0.8203,4.114,1.3248,7.144,1207.84,106.28
2019-09-05,1.4663,0.906,1.5684,0.8106,4.0908,1.3238,7.1468,1200.18,106.96
2019-09-06,1.4586,0.9056,1.553,0.8131,4.0643,1.317,7.1131,1196.81,106.8
2019-09-09,1.4548,0.9045,1.5542,0.8085,4.0819,1.314,7.121,1192.33,107.14
2019-09-10,1.456,0.9056,1.5564,0.8094,4.101,1.3141,7.1121,1191.22,107.34
2019-09-11,1.4582,0.909,1.5588,0.8111,4.0592,1.3199,7.1153,1191.51,107.73
2019-09-12,1.4554,0.903,1.5584,0.8093,4.0606,1.3209,7.0787,1180.7,107.97
2019-09-13,1.4522,0.903,1.5664,0.8024,4.061,1.3268,7.0754,1176.62,108.12
2019-09-16,1.4567,0.9086,1.5743,0.805,4.0831,1.324,7.0659,1182.96,107.94
2019-09-17,1.4582,0.9039,1.5748,0.8004,4.097,1.3249,7.0905,1186.1,108.12
2019-09-18,1.4611,0.9041,1.579,0.8014,4.0964,1.3283,7.0849,1191.51,108.17
2019-09-19,1.4717,0.9053,1.587,0.8012,4.1389,1.3258,7.0959,1193.87,108
2019-09-20,1.4771,0.9088,1.598,0.8007,4.1698,1.3268,7.0909,1188.16,107.95
2019-09-23,1.4767,0.9098,1.5911,0.8046,4.1771,1.3271,7.1168,1195.48,107.47
2019-09-24,1.4721,0.9092,1.5835,0.8016,4.1737,1.3253,7.1138,1196.52,107.32
2019-09-25,1.4815,0.9133,1.5936,0.8089,4.1764,1.3279,7.1313,1200.17,107.78
2019-09-26,1.4806,0.9142,1.5865,0.8102,4.1517,1.3271,7.13,1201.99,107.67
2019-09-27,1.4784,0.9139,1.5883,0.8122,4.1576,1.325,7.1218,1200.03,108.05
2019-09-30,1.4824,0.917,1.5969,0.8127,4.1629,1.3243,7.1477,1195.85,108.11
2019-10-01,1.4919,0.9147,1.601,0.8169,4.1624,1.3235,7.1473,1198.96,107.7
2019-10-02,1.493,0.9132,1.5985,0.8121,4.1434,1.3313,7.1473,1205.47,107.21
2019-10-03,1.4813,0.9098,1.5838,0.8071,4.0876,1.3323,7.1473,1204.67,106.76
2019-10-04,1.4784,0.9112,1.5838,0.8124,4.0601,1.3332,7.1473,1192.93,106.91
2019-10-07,1.4832,0.9104,1.5893,0.8116,4.0831,1.3305,7.1473,1196.49,107.06
2019-10-08,1.4865,0.9133,1.5888,0.8193,4.0846,1.3332,7.1422,1193.24,107.06
2019-10-09,1.4859,0.9109,1.5876,0.8187,4.1043,1.3327,7.1316,1197.29,107.43
2019-10-10,1.4771,0.9076,1.5813,0.8076,4.1075,1.3274,7.1153,1190.06,107.91
2019-10-11,1.4697,0.9059,1.576,0.7885,4.0945,1.3181,7.0868,1195.61,108.52
2019-10-14,ND,ND,ND,ND,ND,ND,ND,ND,ND
2019-10-15,1.4799,0.9061,1.5913,0.7851,4.1506,1.3199,7.0814,1184.67,108.83
2019-10-16,1.4804,0.9029,1.5934,0.778,4.161,1.3191,7.092,1186.38,108.71
2019-10-17,1.465,0.8986,1.5743,0.778,4.16,1.3136,7.0766,1179.05,108.51
2019-10-18,1.4607,0.8965,1.5691,0.775,4.1312,1.3134,7.0805,1181.06,108.44
2019-10-21,1.4562,0.8973,1.5645,0.7702,4.136,1.31,7.0748,1172.57,108.57
2019-10-22,1.4571,0.8978,1.5603,0.7723,4.0713,1.3086,7.0761,1170.49,108.56
2019-10-23,1.4605,0.8994,1.5581,0.776,4.0674,1.3089,7.0624,1172.07,108.64
2019-10-24,1.4669,0.9011,1.5679,0.7806,04.01,1.3078,7.0684,1173.19,108.62
2019-10-25,1.4643,0.9024,1.5716,0.7792,4.2018,1.3064,7.0647,1171.58,108.75
2019-10-28,1.4622,0.9014,1.576,0.7776,3.9769,1.3063,7.067,1170.17,109.02
2019-10-29,1.4573,0.8995,1.5728,0.7749,3.9923,1.3078,7.0655,1163.03,108.83
2019-10-30,1.4552,0.899,1.5704,0.7769,4.017,1.3179,7.0541,1167.76,108.88
2019-10-31,1.4518,0.8965,1.5591,0.7729,4.013,1.3144,7.0379,1169.1,108.09
2019-11-01,1.4463,0.8953,1.5516,0.7722,3.9756,1.3145,7.0368,1165.45,108.16
2019-11-04,1.4497,0.8973,1.5586,0.7748,4.2007,1.3145,07.03,1159.29,108.56
2019-11-05,1.451,0.9033,1.5681,0.777,3.9865,1.3176,7.1982,1157.64,109.13
2019-11-06,1.4533,0.9029,1.5699,0.7769,4.0582,1.3187,6.9968,1156.73,108.86
2019-11-07,1.4503,0.9054,1.5746,0.7795,4.0884,1.3177,6.9766,1154.44,109.42
2019-11-08,1.459,0.9075,1.579,0.7819,4.1545,1.3218,6.9954,1157.14,109.14
2019-11-11,ND,ND,ND,ND,ND,ND,ND,ND,ND
2019-11-12,1.4607,0.9077,1.5783,0.7779,4.1742,1.3227,7.1966,1160.8,109.09
2019-11-13,1.4639,0.9088,1.5623,0.7788,4.1772,1.3239,7.0223,1167.76,108.83
2019-11-14,1.4749,0.9078,1.5689,0.7765,4.1912,1.3251,7.0195,1169.82,108.33
2019-11-15,1.4684,0.9053,1.5618,0.7751,4.1957,1.3228,7.1975,1166.98,108.8
2019-11-18,1.4663,0.9026,1.5605,0.7713,4.1932,1.321,7.0246,1163.76,108.61
2019-11-19,1.465,0.9029,1.5562,0.7736,4.2032,1.3233,7.0263,1167.13,108.59
2019-11-20,1.4712,0.9039,1.5593,0.7741,4.1955,1.3317,7.0344,1169.8,108.67
2019-11-21,1.4721,0.9036,1.5593,0.7743,4.2213,1.3277,7.0285,1175.71,108.53
2019-11-22,1.4741,0.9067,1.561,0.7795,4.1859,1.3293,7.0389,1179.33,108.67
2019-11-25,1.4771,0.9083,1.562,0.7761,4.2153,1.3312,7.0349,1173.09,108.95
2019-11-26,1.4734,0.9081,1.5576,0.7782,4.2594,1.3285,7.0319,1175.59,109.11
2019-11-27,1.4749,0.9089,1.5555,0.7763,4.2569,1.3284,7.028,1176.89,109.38
2019-11-28,ND,ND,ND,ND,ND,ND,ND,ND,ND
2019-11-29,1.4789,0.9075,1.5579,0.7729,4.2272,1.3291,7.0308,1181.33,109.47
2019-12-02,1.4665,0.9029,1.537,0.773,4.22,1.3298,7.038,1182.84,109.09
2019-12-03,1.4618,0.9018,1.5347,0.7691,4.1928,1.3298,7.0609,1190.31,108.53
2019-12-04,1.4596,0.9029,1.5316,0.7637,4.1886,1.3212,7.0489,1194.45,108.87
2019-12-05,1.4633,0.9006,1.5279,0.7596,4.1912,1.3177,7.0445,1189.23,108.69
2019-12-06,1.4628,0.9048,1.5232,0.7618,4.1749,1.3255,7.0348,1189.86,108.66
2019-12-09,1.4637,0.9036,1.5256,0.7601,4.1299,1.3228,7.0389,1189.45,108.59
2019-12-10,1.4676,0.9017,1.5288,0.7588,4.1412,1.3231,7.0328,1191.01,108.73
2019-12-11,1.4569,0.9016,1.5221,0.759,4.1179,1.3202,7.0384,1192.2,108.67
2019-12-12,1.4501,0.8997,1.5188,0.7614,4.099,1.3185,6.9925,1186.41,109.16
2019-12-13,1.4554,0.8986,1.5172,0.7491,4.1065,1.3196,6.9925,1171.97,109.28
2019-12-16,1.452,0.8977,1.5158,0.7502,4.0681,1.3158,6.9921,1171.8,109.64
2019-12-17,1.4605,0.897,1.5225,0.7624,4.0673,1.3155,6.9967,1165.81,109.52
2019-12-18,1.459,0.8998,1.5202,0.7646,4.0624,1.3117,7.2029,1168.02,109.58
2019-12-19,1.452,0.8986,1.5135,0.7672,4.058,1.3122,7.1997,1165.04,109.23
2019-12-20,1.4489,0.9029,1.5135,0.7671,4.0859,1.317,7.1963,1160.3,109.45
2019-12-23,1.4457,0.9016,1.5088,0.7742,4.0621,1.3167,7.0124,1163.64,109.39
2019-12-24,1.4445,0.9022,1.5058,0.7719,4.0833,1.316,7.1964,1163.21,109.38
2019-12-25,ND,ND,ND,ND,ND,ND,ND,ND,ND
2019-12-26,1.4411,0.9007,1.5002,0.7688,4.0602,1.3124,6.9949,1161.18,109.67
2019-12-27,1.4331,0.8949,1.4919,0.7639,4.0507,1.3073,6.9954,1160.87,109.47
2019-12-30,1.4278,0.8915,1.4846,0.761,4.0152,1.3058,6.9864,1155.75,108.85
2019-12-31,1.4225,0.8907,1.4826,0.7536,4.019,1.2962,6.9618,1155.46,108.67